007,[-0.02015261 -0.00084121  0.0030936  -0.00763304  0.01428131]
007 (series),[-0.01853978 -0.0026605   0.00624824 -0.00718539  0.01254618]
18th century,[ 0.00227078 -0.02567956  0.00395044  0.01774387  0.02535759]
1920s,[ 0.01297116 -0.01780626  0.00631799  0.0175863   0.00922495]
1930s,[ 0.01898103 -0.03123979 -0.01464068 -0.00384164  0.01042727]
1950s,[ 0.01529984 -0.01971598 -0.0078565   0.00664709 -0.00066829]
1960s,[ 0.01044246 -0.01561969  0.00574027 -0.00712019  0.00402163]
1970s,[ 0.03502668 -0.00633464 -0.01662905 -0.02680178 -0.02332749]
1980s,[-0.00208135 -0.00124635 -0.01398999 -0.02517729 -0.05091668]
19th century,[ 0.00783494 -0.02134749  0.0035539   0.01710625  0.0215384 ]
3d,[-0.02549559 -0.00496965  0.00370417  0.02853349  0.00072028]
70mm,[-0.01571257 -0.0127072  -0.02085903  0.02222759  0.00169722]
80s,[-0.04528977  0.01968669  0.00407801 -0.02592038 -0.05585703]
9/11,[-0.00858711 -0.00634981  0.01136242 -0.00972596  0.02144957]
aardman,[-0.01108494 -0.0046685   0.01633807 -0.00252777  0.00815991]
aardman studios,[-0.00488776 -0.00887216  0.01780899  0.00088755 -0.001745  ]
abortion,[-0.0071339  -0.00711317  0.02094998 -0.00866887  0.01219812]
absurd,[ 0.01174261  0.0422461   0.02149354  0.00554238 -0.04470452]
action,[-0.08421671  0.05764588 -0.13970491  0.0215888  -0.02147824]
action packed,[-0.06063895  0.03005597 -0.08166759  0.0065765  -0.02683774]
adaptation,[ 0.00465547  0.00559426 -0.02108007 -0.00349502 -0.0025148 ]
adapted from:book,[ 0.03229558 -0.02374046 -0.04142615  0.00576667 -0.00615004]
adapted from:comic,[-0.04918561  0.01287437 -0.00567721  0.01102644 -0.01126015]
adapted from:game,[-0.02489542  0.00249591  0.01345056  0.00226262  0.01028908]
addiction,[ 0.01796756  0.0042254   0.03630532 -0.03058202 -0.01012516]
adolescence,[ 0.0126428  -0.01999272  0.0445837  -0.03037989 -0.03886905]
adoption,[-0.00017846 -0.02720037  0.0232057  -0.00997034  0.01356639]
adultery,[ 0.03690542 -0.01119393  0.02236564 -0.02351244  0.04563384]
adventure,[-0.05751705 -0.02337599 -0.07330458  0.08095103 -0.0428818 ]
affectionate,[ 0.07174986 -0.03369951  0.02840026  0.01946331 -0.05152074]
afi 100,[ 0.00359582 -0.00735247  0.00518571 -0.00165191  0.00015843]
afi 100 (laughs),[ 0.01431642 -0.0133152   0.01016572 -0.00723013 -0.01454117]
afi 100 (movie quotes),[ 0.02822929 -0.00825455 -0.02330745 -0.00931886 -0.02880402]
africa,[-0.00298919 -0.02248494 -0.00104235 -0.00247574  0.01782476]
afterlife,[-0.01083408  0.00199278  0.01679653  0.016973    0.01110357]
aging,[ 0.01745979 -0.03783366  0.00766776  0.00793251 -0.01072176]
aids,"[ 2.61103894e-05 -2.03750889e-02  8.16575535e-03 -2.14696067e-02
  7.41059672e-03]"
airplane,[-0.01664491 -0.00460306  0.00927187 -0.00570661  0.01030299]
airport,[-0.01264795 -0.00395123  0.00682599 -0.00671168  0.01127085]
alaska,[-0.00975895 -0.00637856  0.01268268 -0.00419272  0.01221642]
alcatraz,[-0.0120606  -0.00403369  0.00976678 -0.00674006  0.00990964]
alcoholism,[ 0.00282314 -0.01065424  0.02035846 -0.01567043  0.00199718]
alien,[-0.0321963   0.01872244 -0.01097918  0.06751514  0.00346996]
alien invasion,[-0.02689764  0.00868908 -0.0066498   0.03981906  0.00852653]
aliens,[-0.02663333  0.0166591  -0.01858947  0.06674295 -0.00324638]
allegory,[ 0.04728273  0.04133705  0.00652109  0.10001108 -0.01458053]
almodovar,[-0.00561865 -0.00273682  0.02677272 -0.0020122   0.01630162]
alone in the world,[-0.00467377 -0.0049539  -0.00175374  0.05118649  0.00410963]
alter ego,[-0.01374408  0.00087129 -0.0283221  -0.00077032 -0.04853151]
alternate endings,[ 0.00435051  0.01636909 -0.01593331  0.00129204  0.03116459]
alternate history,[-0.01363735 -0.01318296 -0.02273362 -0.00357933  0.00710819]
alternate reality,[-0.0280397   0.02312645 -0.00867701  0.06085489  0.0010885 ]
alternate universe,[-0.01333296 -0.00079178 -0.01648784  0.0198434  -0.01797964]
amazing cinematography,"[ 3.56251320e-02 -3.35893079e-03 -1.00768121e-02  5.80744325e-02
  1.03674141e-05]"
amazing photography,[ 0.0384083  -0.00928582 -0.03025151  0.02494686  0.00457088]
american civil war,[-0.00829149 -0.01020479  0.00605572 -0.00476428  0.01395916]
amnesia,[-0.00744142  0.00502395  0.00232281  0.00599449  0.02473414]
amy smart,[-0.03445646 -0.00131991  0.01626008 -0.02922178 -0.00195392]
android(s)/cyborg(s),[-0.02891033  0.01387361 -0.00886472  0.03096437  0.00331745]
androids,[-0.01542442  0.00622529  0.00478301  0.02375427  0.00734284]
animal movie,[-0.01642795 -0.02423718  0.01065752  0.01485998 -0.00708875]
animals,[-0.03579197 -0.02883372  0.00144398  0.02110841 -0.01427101]
animated,[-0.01740341 -0.0232911   0.00809364  0.03217399 -0.0246205 ]
animation,[-0.02641841 -0.02361635  0.00871714  0.04528135 -0.03455542]
anime,[-0.00968914  0.00045661  0.01551673  0.01864971 -0.00210434]
antarctica,[-0.01419897 -0.00026588  0.007665    0.00956904  0.02225374]
anti-hero,[ 0.01436424  0.03919931 -0.04096637 -0.02683103 -0.04870563]
anti-semitism,[ 0.0027752  -0.02124359  0.00210552 -0.01406103  0.0246692 ]
anti-war,[ 0.00522211 -0.01160817  0.00152864 -0.00333208  0.01434465]
apocalypse,[-0.01599389  0.02981485 -0.03049162  0.05230771 -0.02154009]
archaeology,[-0.01625481 -0.00270394  0.00703039  0.00476787  0.00947253]
argentina,[-0.00601191 -0.00494642  0.01339872  0.00326871  0.02005584]
arms dealer,[-0.02297809  0.00115856 -0.01393101 -0.01381478  0.01071258]
arnold,[-0.01673173 -0.00034493  0.01033155 -0.00241211  0.00794404]
art,[0.0485765  0.00868686 0.03594376 0.05432526 0.00777274]
art house,[0.03133134 0.03789269 0.08528903 0.04360036 0.03241085]
artificial intelligence,[-0.01466354  0.00474315 -0.00214197  0.02667767  0.00992078]
artist,[ 0.02626923 -0.01135778  0.04724713  0.02746635  0.01661907]
artistic,[ 0.06531687 -0.00871761  0.0255651   0.06181787 -0.01573191]
artsy,[0.02270157 0.02267894 0.04347029 0.02702373 0.00611404]
assassin,[-0.00629046  0.02633037 -0.04629413 -0.02998443  0.01768204]
assassination,[ 0.03651309  0.02316573 -0.05514105 -0.0423833   0.04326354]
assassins,[-0.00913484  0.01478004 -0.02115625 -0.02492775  0.02793522]
astronauts,[-0.01554201 -0.00060486 -0.00471729  0.031553    0.01528025]
atheism,[-0.00531013 -0.01666463  0.00355003  0.01042026  0.0201539 ]
atmospheric,[ 0.06570661  0.05925616 -0.01114421  0.04247696 -0.00677879]
australia,[-0.00254252 -0.00935071  0.01684415 -0.00593574  0.00221179]
australian,[-0.0104837  -0.0066921   0.01615381 -0.00599301  0.01170835]
author:alan moore,[-0.01600138 -0.0008755   0.0092219   0.00192331  0.01032159]
author:neil gaiman,[-0.00928859 -0.0051605   0.01881968  0.01617387 -0.00122963]
autism,[-0.00811115 -0.00947763  0.0086776  -0.00277102  0.01078292]
aviation,[-0.01606727 -0.00959259  0.00241915 -0.00143272  0.01255693]
awesome,[ 0.00044577 -0.00083856 -0.03164843  0.00632029 -0.04317359]
awesome soundtrack,[-0.00627449 -0.00673869 -0.00803761 -0.00320933 -0.07786614]
awful,[-0.03950949  0.01028865  0.01216739  0.00314737  0.024983  ]
bad,[-0.06318341  0.01751865  0.00714444 -0.01401477  0.01822789]
bad acting,[-0.06946669  0.03744146 -0.007024    0.00830392  0.03037071]
bad cgi,[-0.06870026  0.01473562 -0.01224637  0.03661068  0.02181962]
bad ending,[-0.00660391  0.04403749 -0.02199876 -0.00323392  0.04248619]
bad plot,[-0.09118691  0.02513639  0.00553146  0.00232126  0.0383502 ]
bad science,[-0.04206102  0.01265065 -0.00832947  0.03450549  0.02158604]
bad script,[-0.04023331  0.0128782   0.00367472  0.00579984  0.02582412]
bad sequel,[-0.01843144 -0.00182165  0.01422912 -0.00190415  0.01125183]
ballet,[-0.00936723 -0.00641951  0.01776121 -0.00071396  0.01089953]
bank robbery,[-0.00987736  0.01175481 -0.00502208 -0.02836425  0.01234887]
baseball,[-0.0125501  -0.00787127  0.01417208 -0.00596867  0.00843159]
based on a book,[ 0.01130181 -0.02754475 -0.05255417  0.00644882  0.02766747]
based on a comic,[-0.03209057  0.01500941 -0.00906197  0.01491896 -0.02104356]
based on a play,[ 0.03340207 -0.04494978  0.00636976 -0.03584801  0.0225393 ]
based on a true story,[ 0.01615612 -0.04495714 -0.03824813 -0.03335165  0.02691268]
based on a tv show,[-0.02994744 -0.0005994   0.00998567  0.00011516 -0.00816173]
based on a video game,[-0.03958408  0.00737589  0.00965247  0.00273996  0.0117036 ]
based on book,[ 0.02154939 -0.03949482 -0.06119982  0.00366029 -0.00544263]
based on comic,[-0.01796999  0.00479995 -0.00050142  0.00748203 -0.01014389]
based on true story,[ 0.0092333  -0.05616074 -0.04192902 -0.03400899  0.0273198 ]
basketball,[-0.01634604 -0.00905623  0.01559281 -0.01010559  0.00762479]
batman,[-0.0129819  -0.00111467  0.01178914 -0.00259069  0.00587804]
bdsm,[-0.00813646  0.01334434  0.03592451 -0.01889988  0.03370562]
beatles,[-0.01031822 -0.00405205  0.01766309 -0.00392915  0.0081102 ]
beautiful,[ 0.03501251 -0.03697336  0.01452155  0.06425224  0.01277365]
beautiful scenery,[ 0.02492925 -0.06420125 -0.04088618  0.07042534  0.0338415 ]
beautifully filmed,[ 0.06375541 -0.044792    0.01428959  0.09997456  0.00271111]
beauty pageant,[-0.00983193 -0.01047182  0.01843951 -0.01259407  0.00870531]
beer,[-0.01867072  0.00259045  0.02081216 -0.02832577 -0.03640472]
berlin,[ 0.01015355 -0.01307417  0.01359034  0.00155891  0.02239119]
best of 2005,[ 0.0056463  -0.0031036  -0.00772951 -0.00965958  0.00226406]
best war films,[ 0.00562983 -0.02092897 -0.02138116 -0.00983091  0.02191886]
betrayal,[ 0.02401417 -0.00546013 -0.07191215 -0.02591037  0.05825483]
better than expected,[-0.03645573 -0.01267283 -0.0330851   0.0050098   0.01728737]
better than the american version,[-0.0072006   0.00324769  0.01888079  0.00351954  0.01478485]
biblical,[-0.01028623 -0.00285112  0.0049508   0.01413886  0.01308863]
big budget,[-0.08533371  0.00514885 -0.08894926  0.06158106  0.0061056 ]
biographical,[ 0.02834012 -0.04822226 -0.01272399 -0.01176244 -0.00767391]
biography,[ 0.02099253 -0.03353703 -0.006823   -0.00955155 -0.00351505]
biopic,[ 0.02303916 -0.03529931 -0.01026009 -0.01158632 -0.00671533]
birds,[-0.01063394 -0.00391506  0.01390483  0.00316512  0.01069048]
biting,[ 0.037622    0.01735502  0.02811977 -0.00598262 -0.00756986]
bittersweet,[ 0.0522316  -0.07468838  0.02945873  0.03184766 -0.03940947]
bizarre,[ 0.00564182  0.05560128  0.04303965  0.02086651 -0.00194116]
black and white,[ 0.06387181 -0.00533727  0.01154752  0.03069227 -0.00083044]
black comedy,[ 0.02501553  0.04350169  0.0386944  -0.02837523 -0.03558131]
blaxploitation,[-0.0113768   0.00570967  0.01762314 -0.01257547 -0.00367064]
bleak,[ 0.09777002  0.03611346  0.04061926  0.03769214 -0.02347884]
blindness,[-0.00155408  0.00367197 -0.00640719  0.00090484  0.03084376]
blood,[ 0.00588273  0.07005058 -0.00781261 -0.02007378 -0.03631907]
bloody,[ 0.00720665  0.0885004   0.00174856 -0.03932354 -0.03516156]
boarding school,[-0.0105861  -0.01400253  0.01633032 -0.00480511  0.01008676]
boat,[-0.00818448 -0.00680771  0.0037994   0.00426525  0.02085281]
bollywood,[ 0.00622135 -0.03488248  0.01402645  0.00621885  0.01525817]
bombs,[-0.00730445 -0.00593761 -0.0083304  -0.00793537  0.03383147]
bond,[-0.01775344 -0.00555627  0.00373015 -0.00733802  0.01139096]
book,[ 0.00026906 -0.01626424 -0.01143269  0.00441134  0.01645463]
book was better,[-0.01267003 -0.01866353 -0.01057887  0.01364961  0.01966603]
books,[-0.00843841 -0.02552957 -0.02105951  0.0030541   0.01702513]
boring,[-0.03695355  0.01054906  0.03256666 -0.00222386  0.02956814]
boring!,[-0.01296689  0.01470599  0.02488095  0.01311415  0.0274289 ]
boston,[-0.00490392 -0.0087797  -0.00878555 -0.02725543  0.01561023]
bowling,[-0.00470489  0.00079762  0.01821786 -0.00643487 -0.00035643]
boxing,[-0.00502943 -0.00821389  0.0057221  -0.00469274 -0.0003843 ]
brainwashing,[ 0.0237362   0.00929563 -0.01464362 -0.00320772  0.02763556]
brazil,[-0.00486825 -0.00537029  0.01701016  0.00105957  0.01290022]
breathtaking,[ 0.06509909 -0.01304974 -0.00393118  0.09367918  0.00689356]
brilliant,[ 0.00183551 -0.00064444  0.00361463 -0.0025825  -0.00339031]
british,[ 0.03335734 -0.02859324 -0.01845369 -0.01031114 -0.00883553]
british comedy,[ 0.00503219 -0.01027345  0.01288305 -0.01233091 -0.02193921]
broadway,[-0.00839683 -0.01972773  0.01783719 -0.00779224  0.00964748]
brothers,[ 0.01223643 -0.01315613 -0.00148848 -0.01667012 -0.02905401]
brutal,[ 0.03038177  0.06660427 -0.01799697 -0.05183413 -0.00649815]
brutality,[ 0.02743333  0.08016715  0.00071195 -0.05199072 -0.01079032]
buddy movie,[-0.02978133  0.00364979 -0.01687316 -0.04187799 -0.05891287]
bullshit history,[-0.02372729 -0.01037723 -0.01620221 -0.00265642  0.0141949 ]
bullying,[-0.00638231 -0.00998667  0.01312176 -0.02372781 -0.03225392]
business,[ 0.00678137 -0.01013379 -0.01288292 -0.04047072  0.02228214]
c.s. lewis,[-0.01253709 -0.01115887  0.01222962 -0.00295246  0.01165148]
california,[ 0.03160108 -0.01018779 -0.01392247 -0.04279097 -0.02076125]
camp,[-0.03940054  0.01882303  0.01511761 -0.01689207 -0.01093275]
campy,[-0.04769277  0.04351192  0.0204509   0.0034811  -0.01803171]
canada,[ 0.00326495 -0.01438094  0.02109476 -0.01114425  0.01562268]
cancer,[-0.00051869 -0.0288741   0.01204821 -0.00229232 -0.00559843]
cannibalism,[-0.00757089  0.02572149  0.01886642 -0.01073424  0.00345239]
caper,[ 0.00209741  0.01603017 -0.02448304 -0.04211327  0.00797243]
capitalism,[ 0.00311847 -0.01239359  0.00215913 -0.01635552  0.03007241]
car chase,[-0.03229757  0.02013609 -0.03296139 -0.02059573  0.01635134]
carrie-anne moss,[-0.01279494  0.00187443  0.00347557  0.00831129  0.0153106 ]
cars,[-0.0177559   0.00934549  0.00364582 -0.01276917  0.00566707]
cartoon,[-0.03069958 -0.02471009  0.005903    0.02485057 -0.02897901]
casino,[-0.00936268  0.00016314  0.00711772 -0.01377017  0.0088478 ]
catastrophe,[-0.02253902 -0.01658659 -0.02141504  0.0182188   0.03394371]
cathartic,[ 0.02824792 -0.00353223  0.02432229  0.00260043 -0.00258925]
catholicism,[ 0.0008776  -0.01001483  0.01928662 -0.00396179  0.02190352]
censorship,[ 0.03285205  0.00200418  0.01312798 -0.03557508  0.01038038]
cerebral,[ 0.07254663  0.05140343 -0.0043285   0.0755282   0.00308128]
cgi,[-0.03791357  0.00433255 -0.02957742  0.06916576 -0.0118643 ]
character study,[ 0.08583788  0.00061754  0.01774616 -0.02073433 -0.01587664]
chase,[-0.036133    0.02816878 -0.11668479 -0.03095807 -0.02131372]
cheating,[ 0.00667894 -0.0058306   0.00830184 -0.03411642  0.04389574]
cheerleading,[-0.01865512 -0.00944617  0.03076284 -0.03564384 -0.00968759]
cheesy,[-0.05480596  0.00514737 -0.00237366  0.01418546 -0.00269253]
chess,[-0.00400113 -0.00505856  0.00615406 -0.00440457  0.01350628]
chicago,[-0.01148235 -0.00654597  0.00833563 -0.01227521  0.00826637]
chick flick,[-0.03802331 -0.0750817   0.02530531 -0.03532079  0.03910189]
child abuse,[ 0.0031406  -0.00292546  0.01667342 -0.01122513  0.01188349]
childhood,[ 0.02683566 -0.07489957 -0.00699414  0.05533233 -0.06334854]
children,[-0.02484159 -0.06744204 -0.00989674  0.03137033 -0.01899932]
china,[-0.00848282 -0.00774536  0.01108042  0.00992277  0.00955149]
chocolate,[-0.01165895 -0.01811247  0.00827671  0.00401281  0.00788911]
chris tucker,[-0.01290425 -0.00317118  0.01242051 -0.00505154  0.00497399]
christian,[-0.01300208 -0.01803028  0.00101788  0.01232844  0.02470934]
christianity,[-0.00829391 -0.00882942  0.00642241  0.00679936  0.02009171]
christmas,[-0.01588208 -0.01073616  0.01399072 -0.00033349  0.00604637]
cia,[-0.01657222  0.00074733 -0.00712706 -0.01686437  0.02991396]
cinematography,[ 0.08941737  0.02236008 -0.02000579  0.08159113  0.02873842]
circus,[-0.00849222 -0.00533733  0.01462231  0.00086189  0.00756445]
civil war,[ 0.0064089  -0.0236162  -0.01358264 -0.00651078  0.02114139]
classic,[ 0.04243741 -0.01619936 -0.05468698  0.01928534 -0.0780778 ]
classic car,[ 0.01777677  0.01119184 -0.00988297 -0.01209726 -0.0197918 ]
classical music,[-0.00058429 -0.00843333  0.01968688  0.00566236  0.0089476 ]
claustrophobic,[ 0.03276319  0.0603781  -0.02012985  0.00101586  0.03007874]
claymation,[-0.01078358 -0.00367498  0.01715629 -0.00052456  0.00526904]
clever,[ 0.03343378  0.01545208 -0.05927425 -0.02037854 -0.04822017]
clones,[-0.02064743  0.02176281 -0.00648383  0.06040672  0.0091386 ]
cloning,[-0.02601475  0.00971827 -0.0124592   0.04530416  0.01285916]
clowns,[-0.011997    0.01201764  0.01869589 -0.00313425 -0.00804094]
coen bros,[ 0.0087114   0.01355703  0.02392267 -0.00739828 -0.01201509]
coen brothers,[-0.00582928  0.0008885   0.01687128 -0.00514689  0.00467176]
cold war,"[-4.60665724e-05 -4.56348300e-03 -1.70284071e-02 -3.35630204e-04
  2.87877848e-02]"
college,[-0.01524339 -0.01879822  0.01819022 -0.02769864 -0.00846379]
colonialism,[-0.00304612 -0.01488224  0.00139052  0.0071385   0.02073371]
colourful,[ 0.02417199 -0.00232837  0.01178588  0.07029313 -0.02029329]
comedy,[-0.07022118 -0.04777509  0.03057216 -0.0978555  -0.19785641]
comic,[-0.02383435  0.00484867 -0.00138156 -0.00619473 -0.04981355]
comic book,[-0.02962712  0.0145153  -0.01064433  0.0171548  -0.0192578 ]
comic book adaption,[-0.01979501  0.00134338 -0.00857129  0.0050129  -0.0038377 ]
comics,[-0.03346256  0.00777982 -0.0065902   0.00167173 -0.02403136]
coming of age,[ 0.02068972 -0.05048089  0.01779909 -0.01563212 -0.05586906]
coming-of-age,[ 0.01396613 -0.03563979  0.02680872 -0.01664145 -0.04248323]
communism,[ 0.00197376 -0.01280643  0.01655988 -0.00079679  0.01772113]
compassionate,[ 0.04800275 -0.04895574 -0.00050299  0.01151496  0.00040018]
competition,"[-1.38423792e-02 -1.77731744e-02  1.09868689e-02 -1.19430735e-02
 -5.83135188e-05]"
complex,[ 0.07923948  0.0456787  -0.0388776   0.01548121  0.02943716]
complex characters,[ 0.04887992 -0.00286799 -0.00100021 -0.01404357 -0.00806161]
complicated,[ 0.04703324  0.03354689 -0.03655717 -0.01601592  0.03283959]
complicated plot,[ 0.01729567  0.03465787 -0.03259381 -0.01241531  0.02949892]
computer animation,[-0.03652178 -0.02163114 -0.02021143  0.04200015 -0.02703163]
computer game,[-0.0383626   0.00931416 -0.00296493  0.0269757   0.00941011]
computers,[-0.01523896 -0.00021777 -0.01423551  0.01890166  0.01174578]
con artists,"[-6.28775365e-05  1.71996045e-03 -4.13643216e-03 -2.15559486e-02
  1.87282264e-02]"
con men,[-0.00418333 -0.00087273 -0.00831354 -0.02027617  0.01235979]
confrontational,[ 0.02006001  0.00297056  0.00115173 -0.0184274   0.00975597]
confusing,[0.01485814 0.0414276  0.00164502 0.02126928 0.0299649 ]
conspiracy,[ 0.0007721   0.02543176 -0.09357775 -0.03311763  0.0726209 ]
conspiracy theory,[-0.01822211  0.00699063 -0.02742908 -0.01827694  0.05617648]
controversial,[ 0.02043336  0.02414786  0.03375594 -0.0386595   0.03094149]
cooking,[-0.00467384 -0.01247467  0.01983901 -0.00040432  0.01130297]
cool,[-0.02466228  0.03878208 -0.06822128 -0.00014425 -0.08676898]
corny,[-0.03818741 -0.01050981 -0.0037727   0.00723068 -0.0021257 ]
corporate america,[-0.00260052 -0.0036629   0.00975447 -0.02520538  0.01855386]
corruption,[ 0.0532954   0.02168935 -0.09172912 -0.09491391  0.03815565]
costume drama,[ 0.01085022 -0.04069487 -0.00601328  0.0043646   0.04604   ]
courage,[ 0.0237264  -0.07638563 -0.06727549 -0.00343671  0.01107203]
court,[ 0.00346562 -0.01395741 -0.01157548 -0.02826456  0.037372  ]
courtroom,[-0.00024829 -0.01211088 -0.01681601 -0.03838218  0.04458815]
courtroom drama,[-0.00150027 -0.00621901 -0.0039324  -0.01996571  0.02969085]
crappy sequel,[-0.05774307  0.01302763  0.0097736   0.00249682  0.00992514]
crazy,[ 0.00681094  0.0302864   0.02556962 -0.02105195 -0.03611726]
creativity,[-0.00372101  0.0111959   0.00805861  0.06685557 -0.04282556]
creepy,[0.01430129 0.11010793 0.01253155 0.00075464 0.01290987]
crime,[ 0.03953449  0.06624116 -0.06201832 -0.09851761  0.01483395]
crime gone awry,[ 0.05415388  0.03101826  0.01660947 -0.03816287 -0.03068757]
criterion,[ 0.10960953  0.01980828  0.06658018  0.04590889 -0.00250976]
cross dressing,[-0.00624589 -0.01626082  0.02279763 -0.0163551   0.01007206]
crude humor,[-0.04341027 -0.00346346  0.00808643 -0.02902574 -0.04803709]
cuba,[-0.00618136 -0.00679128  0.01104087 -0.00814438  0.01298159]
cult,[ 0.00659016  0.05853975  0.00460671  0.00787108 -0.06217105]
cult classic,[ 0.02158115  0.09831176  0.02080473  0.00489151 -0.13220209]
cult film,[-0.00584276  0.09038223  0.03736756  0.01064171 -0.07846991]
culture clash,[ 0.03825417 -0.05059281 -0.01410078 -0.00296882 -0.00417519]
cute,[-0.03549978 -0.07613573  0.01226185 -0.00224705 -0.01119719]
cute!,[-0.04203119 -0.058883    0.02118111 -0.00528074  0.00594825]
cyberpunk,[-0.01834555  0.01832096 -0.0006475   0.04003849  0.01049025]
cyborgs,[-0.02112707  0.01118902 -0.00141673  0.01773447 -0.00043163]
cynical,[ 0.05650029  0.01876757  0.02562864 -0.00381469 -0.0125425 ]
dance,"[-5.99487960e-03 -2.54926743e-02  2.39741315e-02 -3.00020101e-03
  7.29835664e-05]"
dancing,[-0.01584462 -0.0209624   0.02622823 -0.00720232  0.00130117]
dark,[ 0.057093    0.10160016 -0.01250031  0.01197986 -0.02145427]
dark comedy,[ 0.01900011  0.04042804  0.03332063 -0.03156435 -0.03990945]
dark fantasy,[-0.01147427  0.02343645  0.01201207  0.04567292 -0.00858509]
dark hero,[ 0.01298162  0.03582681 -0.03818723 -0.0070487  -0.06162605]
dark humor,[ 0.05757486  0.07266726  0.03896019 -0.02839074 -0.08518008]
dc comics,[-0.01959764  0.00174314  0.00478308  0.0027252   0.0004186 ]
deadpan,[ 0.01112781  0.00937121  0.03767769  0.00094979 -0.02517495]
death,[ 0.02344971  0.02028397 -0.00063615 -0.00092557  0.01205735]
death penalty,[ 0.01440305 -0.00499711 -0.00115819 -0.02168927  0.02886173]
demons,[-0.01799894  0.06066456  0.0231802   0.0032826  -0.01250833]
depp & burton,[-0.01044669 -0.00223583  0.01580615  0.00133809  0.00745233]
depressing,"[ 6.16515254e-02 -6.34932831e-03  2.51992383e-02 -1.73834448e-05
 -2.30176058e-02]"
depression,[ 0.06104519 -0.02886286  0.04175267 -0.01514777 -0.03406323]
desert,[-0.00337314  0.00515621 -0.01774826  0.04237362 -0.0043646 ]
destiny,[-0.02098726 -0.07301247 -0.04767215  0.04104309 -0.01538228]
detective,[-0.00300419  0.0413023  -0.02316686 -0.04704478  0.04796084]
devil,[-0.02128154  0.02455054  0.01385173 -0.00230202  0.01487039]
dialogue,[ 0.00516614  0.02485311 -0.04308376  0.00560492 -0.03892332]
dialogue driven,[ 0.0276669   0.00800821  0.02372731 -0.01396108 -0.00978479]
dinosaurs,[-0.03373945 -0.00065239  0.0010587   0.02686801  0.00701238]
directorial debut,[ 0.01513276  0.01322327  0.01294649 -0.01654356 -0.0235057 ]
disability,[ 0.00344619 -0.02474815  0.00733979 -0.00279262  0.0016911 ]
disappointing,[-0.02237736  0.00507175 -0.00086029  0.00860923  0.01848275]
disaster,[-0.06115279  0.00873845  0.00665368  0.00513368  0.0334579 ]
disney,[-0.0317983  -0.0336697   0.00941924  0.01302284 -0.00414781]
disney animated feature,[-0.01673036 -0.01916926  0.01230128  0.00478447  0.00228399]
distopia,[ 0.01893257  0.02191843 -0.01102969  0.0356448  -0.0036635 ]
disturbing,[ 0.05677458  0.0870746   0.04307488 -0.01504205  0.02628045]
divorce,[-0.00146449 -0.04106959  0.01676868 -0.02571098  0.03250959]
doctors,[ 0.00482263  0.0089789  -0.01306015  0.00170895  0.02227972]
documentary,[ 0.0207389  -0.01626314  0.02885847 -0.01988454  0.02901751]
dog,[-0.02189248 -0.02008305  0.01291641 -0.00816737  0.01602682]
dogs,[-0.01391339 -0.01131043  0.01503697 -0.00320855  0.00976008]
dolphins,[-0.01139753 -0.00843323  0.01209757 -0.00482241  0.01424305]
downbeat,[ 0.09099549  0.02135332  0.03849958  0.01629264 -0.00590544]
dr. seuss,[-0.01288735 -0.00772207  0.01261642  0.00475606  0.0077977 ]
dragon,[-0.01623051 -0.00337176  0.0100126   0.00801947  0.00416481]
dragons,[-0.02578815 -0.00475052 -0.00367144  0.02722516 -0.00615849]
drama,[ 0.08931446 -0.06216074 -0.06769844 -0.04561464  0.00852761]
dramatic,[ 0.08499655 -0.06928844 -0.08783193 -0.02227366  0.01086434]
dreamlike,[0.01552719 0.03972873 0.05624    0.06474182 0.01165085]
dreams,[ 0.02654313  0.00330799  0.04331407  0.0578263  -0.01940894]
dreamworks,"[-1.82517262e-02 -8.65885503e-03  1.40480432e-02 -7.87691941e-05
  5.56467457e-03]"
drinking,[ 0.05400326 -0.01725803  0.02583664 -0.05879187 -0.07236563]
drug abuse,[ 0.0098838   0.00280104  0.02412775 -0.02891585 -0.01883193]
drug addiction,[ 0.01765766  0.0053203   0.0298096  -0.02403358 -0.01373097]
drugs,[ 0.0295769   0.02898178  0.03471185 -0.05798722 -0.04242728]
dumb,[-0.04842596  0.00804831  0.00887303 -0.02837084 -0.03048232]
dumb but funny,[-0.0496679   0.00498159  0.02932086 -0.04072976 -0.05015686]
dynamic cgi action,[-0.04760256  0.00572313 -0.05821983  0.05018957 -0.00819411]
dysfunctional family,[ 0.01054155  0.00083697  0.05529048 -0.0360545  -0.00354601]
dystopia,[-0.01620468  0.03128806 -0.01976044  0.06181938 -0.00324228]
dystopic future,[-0.00552319  0.02331576 -0.01835923  0.05861565 -0.0140083 ]
earnest,[ 0.0435079  -0.0589679  -0.05299492  0.0074748  -0.01908872]
easily confused with other movie(s) (title),[-0.01375178 -0.001475    0.0062336  -0.0063225   0.01163952]
east germany,[-0.00869633 -0.00523673  0.01492316 -0.00415291  0.01370245]
eccentricity,[ 0.0326108  -0.00434462  0.03608323 -0.0011967  -0.03372015]
ecology,[-0.00799918 -0.00666106  0.01088555  0.0121023   0.01537483]
educational,[-0.00086211 -0.02563046  0.00416281 -0.01536532  0.01303943]
eerie,[0.02150229 0.0536472  0.00850416 0.02746007 0.01564967]
effects,[-0.02612125  0.04499904 -0.03915488  0.07047699 -0.01228721]
egypt,[-0.02235034 -0.00533815 -0.00168405  0.01387815  0.01123642]
emma watson,[-0.01248666 -0.00560297  0.01516959 -0.00210546  0.01094594]
emotional,[ 0.04726234 -0.07122456 -0.01166718  0.02014461  0.00980409]
end of the world,[-0.02397875  0.01270397 -0.03001598  0.05294492  0.01288276]
england,[ 0.01622314 -0.03989681 -0.02318412 -0.00803017  0.00747284]
enigmatic,[0.09627088 0.05128153 0.04661233 0.07073389 0.03099002]
ennio morricone,[ 0.000827    0.00162716  0.00853899 -0.00221889  0.00833377]
enormously long battle scene,[-0.01105944 -0.01582057 -0.04235078 -0.00689226 -0.0044355 ]
ensemble cast,[ 0.0091693  -0.00291517 -0.01604907 -0.03914151 -0.02330664]
entertaining,[-0.03788723 -0.00449525 -0.08929916 -0.02721022 -0.03966719]
entirely dialogue,[ 0.01730182  0.02299881  0.01907909  0.00236992 -0.00673989]
environment,[-0.00110947 -0.00697047  0.01419861  0.02930161  0.01527369]
environmental,[-0.00942954 -0.01039465  0.00563158  0.01225759  0.01984365]
epic,[ 0.00286866 -0.01872903 -0.0471786   0.04293006 -0.00707124]
erotic,[ 0.00106834  0.02286197  0.05853655 -0.01848606  0.06858056]
espionage,[-0.01666662  0.00640251 -0.03616796 -0.02067201  0.04898952]
ethnic conflict,[ 0.02567764 -0.02762043  0.00080214 -0.01039509  0.01621448]
evolution,[-0.00914567  0.00111685  0.01191419  0.0143466   0.01045409]
excellent,[ 0.03394928 -0.02948616 -0.09436085 -0.02118784 -0.0175871 ]
excellent script,[ 0.05248952 -0.0222052  -0.06762582 -0.03140265 -0.03893754]
exceptional acting,[ 0.05114343 -0.00591088 -0.03542526 -0.03366922 -0.01465355]
exciting,[-0.02623298  0.01497761 -0.08999854  0.01711246  0.00259196]
existentialism,[ 0.03787723  0.03174546  0.04583301  0.08685562 -0.02195319]
explosions,[-0.03116449  0.0106052  -0.02546537 -0.00283089  0.00788134]
factual,[ 0.00552074 -0.03161883 -0.03447625 -0.02339721  0.04292181]
fairy tale,[-0.02378995 -0.03914259 -0.00353069  0.05333801 -0.00782322]
fairy tales,[-0.01540938 -0.0241737   0.00390464  0.0314861  -0.00162023]
fake documentary,[-0.00452232  0.00313744  0.02493003 -0.00639643  0.0080214 ]
family,[-0.05250604 -0.07644567 -0.02619479 -0.01712718 -0.02153118]
family bonds,[ 0.0020071  -0.03159389  0.00811542 -0.00333629  0.00221356]
family drama,"[-1.16056800e-05 -2.04755076e-02 -8.01903916e-04 -8.73914216e-03
 -4.55328771e-03]"
fantasy,[-0.05906664 -0.00012469 -0.01213759  0.07807173 -0.01955253]
fantasy world,[-0.03344407  0.00049571 -0.00167562  0.0537004  -0.02747083]
farce,[-0.00836417 -0.00313337  0.02337732 -0.0306802  -0.0264678 ]
fascism,[ 0.01235676 -0.00887858  0.00785788  0.0027363   0.02674902]
fashion,[-0.02130094 -0.02167217  0.01464288 -0.0191912   0.01488322]
fast paced,[-0.01808819  0.04189663 -0.11378576 -0.01530915 -0.03934431]
father daughter relationship,[ 0.00184021 -0.01986504  0.00741571 -0.01207307  0.01197985]
father son relationship,[-0.00665953 -0.01273089  0.00261655  0.00350523 -0.00899976]
father-son relationship,"[-1.52974452e-05 -1.81308635e-02 -5.71893021e-03  7.37457178e-03
 -1.47471898e-02]"
fbi,[-0.01233681  0.01811913 -0.01396635 -0.03371375  0.03432784]
feel good movie,[-0.01137385 -0.08561685 -0.01827847 -0.0153672  -0.03518952]
feel-good,[-0.00896241 -0.10489889 -0.01981655 -0.01515469 -0.04341681]
fight scenes,[-0.05718901  0.02551543 -0.05480828  0.02532664 -0.04282098]
fighting,[-0.03563477  0.00872063 -0.06340602  0.02224677 -0.04481705]
fighting the system,[ 0.04077684 -0.0187016  -0.02456029  0.003347   -0.01791763]
figure skating,[-0.01372049 -0.00623573  0.01639536 -0.00486161  0.01260754]
film noir,[ 0.01839128  0.02572682  0.00257359 -0.01186819  0.01984178]
finnish,[ 0.00109389 -0.01044492  0.03345567  0.0035521   0.01112638]
firefly,[-0.00366708  0.00340635  0.00965138  0.00846139 -0.00927381]
first contact,[-0.04326415  0.02316502 -0.01646455  0.05608116  0.03452823]
fish,[-0.01712861 -0.01147041  0.00997132  0.00103228  0.00125719]
flashbacks,[ 0.00977308  0.00402175 -0.00072187 -0.00268985  0.00993187]
food,[-0.00719663 -0.0091163   0.01558656 -0.00193898  0.009874  ]
football,[-0.01480882 -0.01287746  0.01253094 -0.01281032  0.00486778]
forceful,[ 0.07380936  0.00338378 -0.06544892 -0.0134458  -0.00709387]
foreign,[ 0.05400884 -0.02672007  0.02008153  0.03421645  0.02032021]
foul language,[ 0.00364457  0.00545735 -0.02377198 -0.05498601 -0.06573858]
fountain of youth,[-0.01218792 -0.003227    0.01393737  0.01190623  0.0109523 ]
france,[ 0.00739116 -0.02147458  0.01000322  0.01309009  0.03192563]
franchise,[-0.08761203  0.03764302 -0.03445656  0.02521551 -0.02595157]
francis ford copolla,[ 0.00825769  0.00096626  0.00862756 -0.000182    0.01189524]
free speech,[-0.00154865  0.00325824  0.01696477 -0.01762164  0.00316392]
free to download,"[1.42173179e-02 9.11174697e-05 2.52129862e-02 1.48248328e-02
 1.14668073e-02]"
freedom,[ 0.01097145 -0.02058105 -0.01610697 -0.00425747  0.01504201]
french,[ 0.01920361 -0.01166487  0.03481867  0.02044004  0.03117932]
friendship,[ 0.02936971 -0.08577158 -0.01317346 -0.01394823 -0.07963982]
frightening,[ 0.00052279  0.0410608  -0.000815   -0.00016161  0.01451774]
fun,[-0.07298567 -0.02212404 -0.02858231 -0.01008595 -0.10175805]
fun movie,[-0.07065818 -0.03550645 -0.04241138 -0.03658576 -0.10495317]
funniest movies,[-0.01934506 -0.00106578  0.02018236 -0.03570852 -0.08022271]
funny,[-0.04402836 -0.03937485  0.02082889 -0.07002234 -0.1746246 ]
funny as hell,[-0.01779905  0.00630498  0.02178184 -0.04221196 -0.09598174]
future,[-0.02919524  0.02454064 -0.02971722  0.08234985 -0.00228718]
futuristic,[-0.02776572  0.03868422 -0.04530928  0.10193225 -0.00593253]
gambling,[-0.00483894 -0.00224541  0.0085228  -0.01374805  0.00606836]
gangs,[ 0.01307837  0.01133122 -0.00737117 -0.03997794 -0.04036708]
gangster,[ 0.02266403  0.0299483  -0.01086925 -0.05169499 -0.02921505]
gangsters,[ 0.01445541  0.03873491 -0.0054938  -0.07155075 -0.03195053]
gay,[ 0.0004865  -0.02077546  0.03846109 -0.03978477  0.00837671]
gay character,[ 0.00670922 -0.0239222   0.03667028 -0.04308495 -0.00471106]
geek,[-0.01895201 -0.00375552  0.0147717  -0.0124698  -0.03038082]
geeks,[-0.02566593 -0.00723444  0.0212195  -0.02486013 -0.02619779]
genetics,[-0.02172238  0.00926322 -0.00054274  0.02432728  0.01184256]
genius,[ 0.00424456 -0.00072554  0.00666203  0.005693   -0.01250425]
genocide,[ 0.00215993 -0.02049785 -0.01184482 -0.00623395  0.02895527]
george orwell,[-0.00636415  0.00147629  0.01735049  0.00354943  0.01357297]
german,[ 0.01974558 -0.01771879  0.00325697  0.00493008  0.02565869]
germany,[ 0.00659665 -0.02155999 -0.00246611 -0.00380345  0.03045316]
ghosts,[-0.01903501  0.02232212  0.01358189  0.00931682  0.01475353]
ghosts/afterlife,[-0.01866032  0.00208919  0.00133188  0.01080302  0.01116446]
giant robots,[-0.0222025   0.00618179 -0.00676332  0.04873135 -0.00640634]
gilliam,[-0.00344399  0.00593559  0.01884116  0.01558819 -0.00304592]
girlie movie,[-0.0521675  -0.09445154  0.00431876 -0.05402561  0.03230446]
glbt,[ 0.00983514 -0.01807173  0.04107353 -0.01496033  0.02063585]
global warming,[-0.01879221 -0.00467623 -0.00073948  0.00481447  0.0240979 ]
god,[-0.02099301  0.00423164  0.01266419  0.04890395  0.01418374]
golden palm,[ 0.10001164  0.01393878  0.06488119  0.03318075 -0.012525  ]
golf,"[-1.50686152e-02 -8.13108735e-03  1.05385132e-02 -9.68891769e-03
  3.36971280e-05]"
good,[-0.00857188 -0.04458267 -0.12289914 -0.02819635 -0.02821732]
good acting,[ 0.06513281 -0.02414752 -0.09998701 -0.0115533  -0.00713259]
good action,[-0.06237026  0.02244477 -0.09199815 -0.00640721 -0.03194696]
good dialogue,[ 0.00375372  0.00796228 -0.00661982 -0.02162649 -0.02883709]
good music,[ 0.02208446 -0.0213264  -0.01172149  0.00349268 -0.03232348]
good romantic comedies,[-0.02647066 -0.04201707  0.01526303 -0.0189113   0.0285378 ]
good sequel,[-0.03486969  0.00588273 -0.00906745  0.01127486 -0.00808042]
good soundtrack,[ 0.04294698  0.00896987 -0.00450558 -0.03747049 -0.08634304]
good story,"[-6.11865280e-03 -1.49881470e-02 -3.66840630e-02  1.67042464e-02
  2.73951029e-05]"
good versus evil,[-0.02179137 -0.01039989 -0.04627796  0.05243774 -0.03084527]
goofy,[-0.05409046  0.02447651  0.01630585 -0.03678718 -0.15576276]
gore,[-0.0153664   0.05432626  0.01161642 -0.012927   -0.01051916]
goretastic,[-0.01274796  0.0372905   0.0247585  -0.01663346 -0.00726967]
gory,[ 0.0023335   0.08579832 -0.00789138 -0.01743112 -0.03460282]
goth,[-0.01534599  0.02995124  0.02298969 -0.0053925  -0.01115571]
gothic,[-0.014397    0.03303403  0.01481802  0.0056257   0.00549339]
graphic design,[-0.01059598 -0.00870995 -0.0034352   0.01397905  0.01954169]
graphic novel,[-0.01261287  0.04189185 -0.00436746 -0.00500685 -0.01106353]
gratuitous violence,[ 0.01072515  0.05495166 -0.00788801 -0.03874299 -0.02355299]
great,[ 0.01663003 -0.03989792 -0.07319847  0.00160046 -0.07198467]
great acting,[ 0.08466892 -0.02217438 -0.08201595 -0.03967968 -0.02416533]
great cinematography,[ 0.04103823  0.00200205 -0.02023683  0.047654    0.00404899]
great dialogue,[ 0.02810378  0.00781925 -0.01420732 -0.02195746 -0.05298393]
great ending,[ 0.01635144  0.0288077  -0.06501554 -0.00330181 -0.0161547 ]
great movie,[ 0.03778871 -0.02339883 -0.11702752 -0.0189432  -0.10600507]
great music,[ 0.01311764 -0.00934615  0.00424704 -0.00523502 -0.03520676]
great soundtrack,[ 0.02665916 -0.00347225 -0.01602796 -0.00771534 -0.07190211]
greed,[ 0.05653388  0.00943468 -0.05005372 -0.01804208  0.02635919]
grim,[ 0.07769838  0.04791258 -0.00416631  0.00373029 -0.02479053]
grindhouse,[ 0.00768131  0.05790793  0.04439846 -0.00706641 -0.02125408]
gritty,[ 0.04094032  0.02581914 -0.02204299 -0.04506548 -0.02149145]
gross-out,[-0.02054453  0.00206858  0.02223034 -0.01875043 -0.01179404]
gruesome,[-0.00470757  0.06463387  0.01735725 -0.01457345 -0.00211   ]
guilt,[ 0.04097924  0.01745789  0.00244096 -0.03279741  0.06130424]
guilty pleasure,[-0.03699764 -0.00836677  0.00946187 -0.01909604  0.01024904]
gulf war,[-0.00795695 -0.00621607  0.00681429 -0.00939534  0.01791779]
gunfight,[ 0.04113891  0.03049433 -0.04906884 -0.02149058 -0.05918284]
guns,[ 0.0032774   0.03139842 -0.04130579 -0.03658839 -0.01783867]
gypsy accent,[-0.00732935  0.00190564  0.0152485  -0.01118275 -0.00280723]
hackers,[-0.01691856  0.00216273  0.00020741  0.00271317  0.02083567]
hacking,[-0.01486017  0.00493157 -0.00224359 -0.00222281  0.02156598]
halloween,[-0.01772325  0.01559801  0.01900811 -0.00653845  0.00289281]
hallucinatory,[0.0146745  0.03402069 0.04502254 0.03551308 0.00761125]
handycam,[-0.01176542  0.00534991  0.01670185 -0.00075491  0.01321662]
hannibal lecter,[-0.01088896 -0.00095265  0.01449044 -0.00569475  0.01408702]
happy ending,[-0.0341266  -0.06910419 -0.03500439 -0.01369612  0.01511484]
hard to watch,[ 0.00382038  0.01071519  0.02520998 -0.03079099  0.02432646]
harry potter,[-0.01382215 -0.00516715  0.01310087  0.00062995  0.00969072]
harsh,[ 0.06440086  0.0253186   0.00641099  0.00229596 -0.02499819]
haunted house,[-0.01555187  0.02431708  0.01825453 -0.00213512  0.01261362]
hawaii,[-0.01956868 -0.0154458   0.01146142 -0.00801167  0.01576697]
heartbreaking,[ 0.0436928  -0.0576976   0.00042136  0.00078551  0.00395827]
heartwarming,[ 0.01314809 -0.10163749 -0.01803222  0.01813352 -0.03214516]
heist,[-0.00036954  0.02066008 -0.0280651  -0.04038711  0.01523736]
heroin,[ 0.00132807  0.00622025  0.02091087 -0.01290751  0.00153529]
heroine,[-0.00523924 -0.00645556  0.01681221 -0.00087026  0.00934719]
heroine in tight suit,[-0.02529827  0.00128284  0.00733026  0.00281331  0.01353064]
high fantasy,[-0.02635912 -0.00086946 -0.0091426   0.03612805 -0.00930197]
high school,[-0.0369765  -0.01896657  0.03909594 -0.05508275 -0.03132366]
highly quotable,[ 0.0345674   0.01999499 -0.03403336 -0.03205072 -0.11626308]
hilarious,[-0.02821594 -0.0054704   0.02407673 -0.06211893 -0.15131351]
hillarious,[-0.01482807  0.00065818  0.01904351 -0.01510356 -0.02864442]
hip hop,[-0.02078668 -0.01127221  0.03407974 -0.03220359  0.00127721]
historical,[ 0.02158274 -0.05535028 -0.0553423   0.0005392   0.04188826]
history,[ 0.01844143 -0.04911455 -0.0457343  -0.00320413  0.03959382]
hit men,[ 0.01516886  0.04132667 -0.00870055 -0.04054013 -0.01308805]
hitchcock,[ 0.00274448  0.01387487  0.0043425  -0.01194334  0.04007285]
hitman,[ 0.01717301  0.04214485 -0.01879992 -0.04394707 -0.0189758 ]
holiday,"[-1.59227025e-02 -1.92587082e-02  1.11176907e-02 -3.28256101e-05
 -1.92125184e-03]"
hollywood,[-0.00344449 -0.00481723  0.00413396 -0.0092191   0.01089374]
holocaust,[ 0.00011392 -0.0168645   0.0058543  -0.00920666  0.02633161]
homeless,[ 0.00024452 -0.01418106  0.01928811 -0.00840119  0.00124397]
homophobia,[ 0.00417311 -0.01477416  0.02316105 -0.02296155  0.00725602]
homosexuality,[ 0.00379565 -0.01112339  0.03149339 -0.0179819   0.01279101]
honest,[ 0.04530627 -0.04620439 -0.01797824 -0.03682909 -0.04696545]
hong kong,[-0.01141216  0.00142409  0.01057104  0.00285547  0.00075675]
horrible,[-0.07829735  0.02194396  0.02260621 -0.00879641  0.04383581]
horror,[-0.03720904  0.1165101   0.02768623 -0.00080655  0.0014583 ]
horses,[-0.0128329  -0.0130548   0.0089993   0.0006685   0.01224472]
hospital,[ 0.03114175 -0.00126764  0.00954218  0.0009495  -0.00102648]
hostage,[-0.00740636  0.0100372  -0.00450679 -0.02665946  0.02001309]
hotel,[ 0.03192768  0.00634986  0.01983678 -0.00335856  0.00967932]
humanity,[ 0.01821511 -0.01212954 -0.00903181  0.06916203  0.01855285]
humor,[-0.01461365 -0.00106723 -0.01326341 -0.02854327 -0.13898315]
humorous,[-0.0165041  -0.01044717  0.01566117 -0.02962918 -0.1622214 ]
hunting,[-0.00512832  0.00761309 -0.01440397 -0.0085923   0.0080513 ]
idealism,[ 0.05747793 -0.06441901 -0.04065102  0.01483315  0.01857065]
identity,[ 0.02772781  0.01706333 -0.0144987  -0.00302934  0.03968687]
idiotic,[-0.06753147  0.02587436  0.02378643 -0.02885318 -0.00481519]
imaginary friend,[-0.00673552 -0.00091699  0.01441898 -0.00114704  0.00693114]
imagination,[ 0.0259941   0.00755996 -0.00585752  0.11719342 -0.01949508]
imdb top 250,[ 0.08406043  0.00221537 -0.06444809  0.02771236 -0.07976144]
immigrants,[ 0.00220795 -0.01456181  0.02004109 -0.00888348  0.00707329]
immortality,[-0.01984457  0.00820691  0.00047441  0.05303843 -0.00662696]
incest,[ 0.00355458  0.00944951  0.02740592 -0.00746791  0.01446055]
independent film,[ 0.04432593 -0.00316372  0.05792549 -0.02283263 -0.04769034]
india,[-0.00776873 -0.01123899  0.0132489   0.00241384  0.01114376]
indiana jones,[-0.01528734 -0.00349554  0.01005068  0.00131964  0.00764951]
indians,[-0.00276733 -0.03393015 -0.00551547  0.00386036  0.00639943]
indie,[ 0.03764251 -0.00702164  0.06289524 -0.01385298 -0.03331257]
infidelity,[ 0.00825422 -0.00665771  0.0254633  -0.02144122  0.0365075 ]
innocence lost,[ 0.0188969  -0.01068526  0.01645304  0.00282221  0.00635661]
insanity,[ 0.05276319  0.07163003  0.01900982 -0.00229072 -0.01719661]
inspirational,[-0.00491404 -0.04587191 -0.01783517  0.00739696 -0.01329832]
inspiring,[ 0.00863239 -0.04916959 -0.03205751  0.01085215 -0.01802009]
intellectual,[0.04198569 0.00689121 0.01589043 0.02893003 0.00891099]
intelligent,[ 0.03833671  0.00888532 -0.0351864  -0.01111384  0.01272753]
intelligent sci-fi,[-0.01274436  0.00505759  0.00341251  0.02937472  0.01279633]
intense,[ 0.039419    0.04324245 -0.11374542 -0.03784372  0.00971845]
interesting,[ 0.07592769  0.0193793  -0.08352232 -0.02290998 -0.01008217]
internet,[-0.02499643  0.00308259 -0.01022416 -0.01664467  0.04494671]
interracial romance,[-0.00030204 -0.04162842  0.01967097 -0.02437209  0.04173942]
intimate,[ 0.1016478  -0.02244217  0.10082713  0.02990333  0.04139569]
investigation,[ 0.02639571  0.04291173 -0.0451214  -0.04828731  0.0714044 ]
iran,[-0.00585862 -0.00694705  0.01854717 -0.00234454  0.01716867]
iraq,[-0.00672585 -0.00744455  0.00503167 -0.01307364  0.02221127]
iraq war,[-0.00909386 -0.00665433  0.01077885 -0.01000099  0.02011349]
ireland,[ 0.00390343 -0.02558391  0.00115062 -0.00668212  0.0099273 ]
irish,[-0.00297997 -0.01573043  0.00724499 -0.01233501  0.00828496]
irish accent,[-0.00081385 -0.01513413 -0.02147745 -0.00852073  0.01110947]
ironic,[ 0.04443176  0.02734696  0.03426167 -0.00296039 -0.02805094]
irreverent,[ 0.02208825  0.01704182  0.03858219 -0.01274672 -0.07353226]
islam,[ 0.00527207 -0.02519933 -0.00587773 -0.01520917  0.04032865]
island,[-0.02235954 -0.0178755  -0.02063067  0.0283777   0.01022289]
isolation,[0.01586147 0.01545169 0.02555711 0.02934803 0.00943512]
israel,[-0.00401368 -0.0112459   0.0078543  -0.0126252   0.0328418 ]
italian,[-0.00241523 -0.00464268  0.02091928  0.00086988  0.01074842]
italy,[ 0.0047485  -0.01109466  0.01807909  0.00530065  0.01577466]
james bond,[-0.01317145 -0.0026152   0.0112438  -0.00496615  0.01217971]
jane austen,[-0.01494188 -0.00956414  0.0190502  -0.00610314  0.01487162]
japan,[0.01351553 0.00243576 0.02593754 0.03974923 0.00122465]
japanese,[ 0.00430362 -0.00132296  0.01819245  0.02374097  0.00515587]
jay and silent bob,[-0.01208832 -0.00191501  0.01826744 -0.00718304  0.00039465]
jazz,[-0.00551838 -0.0099413   0.01721348 -0.00701012  0.00340307]
jesus,[-0.00856574 -0.00921868  0.00433975  0.0215899   0.0058821 ]
jewish,[ 0.00330496 -0.02431986  0.01143754 -0.01164632  0.01838238]
jews,[ 0.00561972 -0.025613   -0.00060824 -0.01132285  0.02931486]
journalism,[ 0.01231671 -0.00503211  0.00134854 -0.02633143  0.02299308]
judaism,[ 0.00683824 -0.01572338  0.02138876 -0.00906971  0.0231309 ]
jungle,[-0.02801733 -0.01614378 -0.01109118  0.00791246  0.00701943]
justice,[ 0.01358305  0.00237741 -0.07165796 -0.04628951  0.00814469]
kick-butt women,[-0.0134716   0.00698866  0.01518585 -0.00701889  0.00286308]
kidnapping,[-0.00577961  0.04384827 -0.01600778 -0.04209511  0.04206897]
kids,[-0.0393107  -0.04846729 -0.01303018  0.01524515 -0.04230146]
kids and family,[-0.03217639 -0.04979009 -0.01141934  0.01690865 -0.02747206]
king arthur,[-0.01211151 -0.00628134  0.01106413  0.00467038  0.00961038]
kubrick,[-0.00161294  0.00402028  0.01677515  0.0031442   0.01120429]
kung fu,[-0.02366911  0.0097237   0.00161555  0.00947919 -0.01772267]
kurosawa,[-0.00573023 -0.00255918  0.01826959  0.00461307  0.00832705]
lame,[-0.07047596  0.01104871  0.01266153 -0.01390871  0.00337006]
las vegas,[-0.02081738 -0.00246665  0.01018159 -0.01484394  0.0052615 ]
latin america,[-0.00228644 -0.01338391  0.00897057 -0.00693651  0.02066875]
lawyer,[ 0.00113847 -0.01247227 -0.03265713 -0.05463859  0.05772915]
lawyers,[-0.00188221 -0.00869472 -0.02101128 -0.0475752   0.0514463 ]
lesbian,[ 0.00183927 -0.00778835  0.03816578 -0.02158933  0.02203396]
life,[ 0.03967365 -0.0550942   0.02152234  0.01808419 -0.03874608]
life & death,[ 0.04065274 -0.00465647  0.01725182  0.06222503 -0.01265991]
life philosophy,[ 0.00830826 -0.02327574  0.0262752   0.01681448 -0.01197908]
light,[ 0.01370475 -0.03539964 -0.02437239  0.02037604 -0.03423975]
lions,[-0.01573739 -0.01422046  0.00299065 -0.00016832  0.00444116]
literary adaptation,[ 0.0098789  -0.01108199  0.00533263  0.00911311  0.01776402]
literature,[ 0.02301044 -0.04688528 -0.01753078  0.01989182  0.00138152]
liv tyler,[-0.01478573 -0.00346868  0.00845444  0.00134752  0.00808935]
london,[ 0.00025508 -0.02037233 -0.0060818  -0.0141469   0.01596183]
lone hero,[-0.03799395  0.0120952  -0.02436677 -0.00374989 -0.00618976]
loneliness,[ 0.08898137 -0.01072282  0.07587967  0.04903759 -0.02712287]
long,[ 0.0208941  -0.01321116 -0.0206803   0.02259748  0.00613634]
los angeles,[-0.00258203  0.01226914  0.00233469 -0.03023579 -0.00589588]
love,[ 0.02940848 -0.08342524  0.02045905  0.0197942  -0.00025934]
love story,[-0.00130723 -0.10221356 -0.01947648  0.0341941   0.03632494]
love triangles,[ 0.00785003 -0.01753868  0.02074391  0.00387372  0.02594019]
low budget,[-0.000711    0.0617649   0.03111963  0.01689463 -0.02846612]
lynch,[0.00610041 0.02414437 0.03731141 0.0187594  0.01785596]
lyrical,[ 0.02365848 -0.01181079  0.04826735  0.03072453  0.00595965]
macabre,[ 0.03559396  0.0590815   0.02105957  0.00884683 -0.01654828]
mad scientist,[-0.03018319  0.0338686   0.01183442  0.03043208 -0.01607837]
made for tv,[-0.00611782 -0.00264935  0.00757447  0.00155219  0.01313191]
mafia,[-0.0038308   0.01993073  0.00126425 -0.03943702 -0.0055131 ]
magic,[-0.03704916 -0.02189991 -0.0057002   0.04766284 -0.01012061]
magic realism,[ 0.00013007 -0.01728754  0.02127666  0.02808954  0.00291493]
male nudity,[ 0.02138739  0.01672524  0.05689104 -0.02992726  0.00754482]
man versus machine,[-0.01610432  0.00393451 -0.00336655  0.02053422  0.00547579]
manipulation,[ 0.04008229  0.0054861  -0.04116379 -0.05520813  0.0646541 ]
marijuana,[-0.00398509  0.0066612   0.02553777 -0.02375803 -0.0162866 ]
marriage,[ 0.01344364 -0.04364349  0.03348526 -0.01507812  0.04473683]
mars,[-0.02663871  0.01209339 -0.01161032  0.04696565  0.01757645]
martial arts,[-0.02592314  0.00840605  0.00022429  0.00722682 -0.00959492]
marvel,[-0.02290428  0.00081774  0.00036439  0.01009058  0.00034119]
marx brothers,[-0.00987811 -0.00382701  0.01785564 -0.00375989  0.00757427]
masterpiece,[ 0.08621451  0.02579387 -0.00739666  0.06907923 -0.04379581]
math,[-0.00689852 -0.00924218  0.00394631 -0.00217462  0.01144097]
mathematics,[-0.00944811 -0.00544352  0.0095193   0.00167694  0.0148024 ]
maze,[0.00404514 0.01757221 0.00680427 0.01830319 0.01260937]
medieval,[-0.01401286 -0.01140654 -0.00948449  0.03049961  0.00267288]
meditative,[0.05484216 0.01084667 0.07447643 0.08579886 0.01743184]
melancholic,[ 0.07686004 -0.0020314   0.07968408  0.05281303 -0.01097341]
melancholy,[ 0.09005055 -0.00446687  0.04942834  0.06782334 -0.0289953 ]
memory,[ 0.00283271  0.00393432 -0.00110909  0.0470341   0.01468357]
memory loss,[ 0.00038334 -0.00231425 -0.01735727  0.01613965  0.01769875]
mental hospital,[-0.00340534 -0.0011279   0.01576252 -0.00504903  0.00987396]
mental illness,[ 0.04432397  0.00933122  0.02227423 -0.01588875 -0.01198146]
mentor,[ 0.00067999 -0.0358838  -0.05325026 -0.0230885  -0.02935395]
metaphysics,[0.00150607 0.01100995 0.01756469 0.0326903  0.01137385]
mexico,[-0.00520735 -0.00131973  0.01129461 -0.01145914  0.0061794 ]
middle east,[-0.00296685 -0.01000242  0.00524733 -0.00952126  0.02572714]
midlife crisis,[-0.00458156 -0.00890372  0.02527767 -0.00650773 -0.00173297]
military,[-0.01083759 -0.01161194 -0.02508319 -0.00596632  0.02619823]
mindfuck,[0.01319374 0.05498972 0.00417252 0.02512056 0.02028885]
mining,[-0.00553779 -0.01136996  0.00785185  0.00218529  0.00853991]
minnesota,[-0.00800979 -0.00352277  0.01823641 -0.00814709  0.00504096]
mission from god,[-0.00165928  0.00189401  0.004569   -0.00091541 -0.00782234]
mistaken identity,[-0.00327092 -0.00595424  0.01164557 -0.00846963  0.01989751]
miyazaki,[-0.0101474  -0.00461864  0.01712079  0.00265615  0.00871191]
mob,[ 0.02203943  0.03586438 -0.01654035 -0.05938371 -0.02105681]
mockumentary,[-0.00811087  0.00378969  0.02554097 -0.01149586  0.00013648]
modern fantasy,[ 0.00112328 -0.00637081 -0.00170515  0.03905115 -0.02047635]
money,[-0.00557898  0.00383182  0.00714208 -0.02396766  0.01551585]
monkey,[-0.01416605 -0.00295745  0.01187496  0.00609752  0.00673768]
monster,[-0.03049607  0.04791551  0.00106821  0.03790366 -0.02551948]
monsters,[-0.03217179  0.02104873  0.00053087  0.03183491 -0.02066375]
monty python,[-0.01026588 -0.00154239  0.0182451  -0.00275108  0.00155084]
moody,[0.03063388 0.03023421 0.01634287 0.00677082 0.01557807]
moon,[-0.01151497 -0.00415863  0.00695177  0.02071568  0.00924566]
moral ambiguity,[ 0.04215031  0.0217596  -0.05891763 -0.04806563 -0.00202964]
morality,[ 0.03999167 -0.01029724 -0.03212562 -0.02233129  0.0136512 ]
mother daughter relationship,[-0.0045269  -0.01565545  0.02197977 -0.0108889   0.01454874]
mother-son relationship,[ 0.00460237 -0.00073239  0.01747039 -0.00384317  0.00436701]
motorcycle,[-0.02166951  0.00970855 -0.00607694  0.00592713 -0.01820392]
mountain climbing,[-0.01322038 -0.00443676  0.0114756  -0.00254882  0.0148991 ]
movie business,[ 0.00622275 -0.00204957  0.01584602 -0.0100995   0.00543785]
movielens top pick,[ 0.0738548  -0.02067682 -0.00923573  0.01102379 -0.03361263]
moving,[ 0.00229899 -0.02975557  0.00119898  0.00663021  0.00616423]
mozart,[ 0.00331537 -0.01096761  0.01370151  0.01182384  0.00314367]
mtv,[-0.01294945 -0.00038065  0.02204385 -0.01081975  0.00152702]
multiple storylines,[ 0.00564397  0.01060909  0.024861   -0.01395464 -0.01421106]
mummy,[-0.01664181  0.00047823  0.01300716  0.00131085  0.00635891]
muppets,[-0.01943129 -0.00431441  0.01430786  0.00342774  0.00328891]
murder,[ 0.02772962  0.0953897  -0.08295745 -0.08051807  0.05672765]
murder mystery,[ 0.01912676  0.02873088 -0.01779087 -0.0387311   0.07664633]
music,"[ 9.71421866e-05 -2.25713603e-02  2.79319309e-02  9.00797920e-03
 -1.79457241e-02]"
music business,[-0.00978481 -0.00911235  0.02339557 -0.01298013 -0.00417556]
musical,[-0.01031404 -0.03668579  0.02591873  0.00520799 -0.01100254]
musicians,[-0.00143115 -0.01904644  0.02874795 -0.01185107 -0.00813972]
mutants,[-0.03554206  0.02059847 -0.00579712  0.02655195 -0.01391009]
mystery,[ 0.01527923  0.05579489 -0.03043023 -0.00416158  0.07426369]
mythology,[-0.02861884  0.00462108 -0.03889626  0.08726259 -0.02608973]
narrated,[ 0.07804281  0.00845206 -0.01324517  0.00909152 -0.04820932]
nasa,[-0.01329761 -0.00470298  0.00277918  0.01370086  0.01532943]
native americans,[-0.00993689 -0.00877344  0.01037084 -0.00115632  0.0113644 ]
natural disaster,[-0.06041294 -0.01244251 -0.01996526  0.02776415  0.04504222]
nature,[-0.00260864 -0.00792897  0.01812715  0.01315152  0.01562065]
nazi,[ 0.00430115 -0.02066945 -0.01101614 -0.00783799  0.0226738 ]
nazis,[ 0.00412278 -0.0208642  -0.01062623 -0.00758529  0.03156685]
neil gaiman,[-0.01049416 -0.0031599   0.01637942  0.00602423  0.00897654]
neo-nazis,[-0.00823583 -0.00294559  0.01252702 -0.00914961  0.0104324 ]
neo-noir,[ 0.01718734  0.03630176  0.00185443 -0.02234479  0.01941122]
nerds,[-0.02263372 -0.00965151  0.01543905 -0.02379691 -0.03760676]
new jersey,[-0.00158112 -0.01592374  0.01901939 -0.04115869 -0.02604618]
new orleans,[-0.00933967  0.00234911  0.00746101 -0.02231743  0.02524767]
new york,[ 0.00297518 -0.01765625  0.00457079 -0.02782464  0.00045459]
new york city,[-0.00923505 -0.00968757  0.00617001 -0.031477    0.00350516]
new zealand,[-0.0091346  -0.00440403  0.01442381  0.00161872  0.00611571]
ninja,[-0.03878688  0.00662506  0.00114393  0.00422607 -0.0131191 ]
no dialogue,[-0.00502179  0.00321162  0.02462177  0.00616063  0.01112778]
no plot,[-0.03333018  0.01201821 -0.00466348  0.00358549  0.02720742]
nocturnal,[ 0.02575749  0.05060367  0.01548693  0.02831477 -0.03668553]
noir,[ 0.03092031  0.03337425 -0.00179301 -0.01220314  0.02001179]
noir thriller,[ 0.01883429  0.02600298  0.00172429 -0.01727781  0.03170536]
non-hollywood ending,[-0.00207628  0.00204514  0.01606692 -0.00654351  0.02308497]
non-linear,[0.02481679 0.02292121 0.02041273 0.03091474 0.00507782]
nonlinear,[0.02949288 0.03163855 0.01820935 0.02746585 0.00222634]
nostalgia,"[-2.23424124e-02 -1.35953027e-02  9.11279273e-03  6.42966801e-05
 -1.82918553e-02]"
nostalgic,[ 0.00341449 -0.05661148 -0.02336453  0.01538765 -0.06765446]
not as good as the first,[-0.03304704  0.00126222  0.00146406 -0.01249639  0.01484346]
not funny,[-0.00805731  0.00163869 -0.00161597  0.00118523  0.02843649]
notable nudity,[-0.01901185 -0.00337379  0.02004749 -0.03983812  0.01521722]
notable soundtrack,"[ 2.15393574e-02 -6.13354966e-03  1.98917512e-02  2.47096915e-05
 -1.21490890e-02]"
nuclear,[-0.00971072 -0.00155612  0.00379151  0.00683761  0.01737482]
nuclear bomb,[-0.01452076 -0.00164909  0.00088568  0.00383425  0.01597046]
nuclear war,[-0.00940287  0.00075624  0.0013802   0.00914997  0.01178019]
nudity,[-0.00376793  0.03369353  0.01846794 -0.03732825 -0.00011481]
nudity (full frontal - brief),[ 0.00380609  0.00375426  0.00135041 -0.03944302  0.01086597]
nudity (full frontal - notable),[ 0.02855597  0.05080061  0.07102103 -0.01670169  0.02247176]
nudity (full frontal),[ 0.008135    0.03697965  0.04807363 -0.02113585  0.01933895]
nudity (rear),[-0.02094     0.00431324  0.01185365 -0.02333396  0.02245531]
nudity (topless - brief),[ 0.01849249  0.01921611 -0.00158389 -0.03126063 -0.01275057]
nudity (topless - notable),[-0.00860368  0.02181109  0.02843706 -0.04499134  0.02231312]
nudity (topless),[-0.01089598  0.05082875  0.03199269 -0.06023733  0.00320124]
obsession,[ 0.08730633  0.04276445  0.04628008 -0.01020897  0.03828325]
ocean,[-0.01650248 -0.01067142 -0.00300883  0.00626101  0.01670187]
off-beat comedy,[ 0.02041884  0.03153028  0.05314779 -0.01447766 -0.06148732]
office,[-0.00740244 -0.00476551  0.01020584 -0.0105851   0.0104981 ]
oil,[ 0.01075979 -0.0063457   0.00121852  0.00087179  0.02384191]
olympics,[-0.0107812  -0.00919416  0.01202461 -0.00676406  0.01035459]
ominous,[ 0.02196745  0.0665389  -0.01757319  0.01857659  0.02740418]
opera,[-0.00424305 -0.008065    0.0199731   0.00215908  0.01377951]
organized crime,[ 0.01882432  0.02825028 -0.02552874 -0.05188561 -0.02005629]
original,[ 0.00136842  0.02339854 -0.01135242  0.00428864 -0.03355376]
original plot,[ 0.00947076  0.01244057 -0.07085031  0.03048988 -0.04251651]
orphans,"[-1.01920021e-02 -1.39921216e-02  1.57046584e-02  6.06725907e-05
  1.16876396e-02]"
oscar,[ 0.04127981 -0.05937383 -0.06614879 -0.01554004 -0.02126357]
oscar (best actor),[ 0.04104112 -0.03665682 -0.03942938 -0.01419553 -0.01557586]
oscar (best actress),[ 0.08843466 -0.05845263 -0.0295731  -0.0259716   0.00423055]
oscar (best animated feature),[-0.01119301 -0.01598712  0.0114329   0.01141873 -0.00871768]
oscar (best cinematography),[ 0.04679397 -0.03581984 -0.04450607  0.01346336  0.00555831]
oscar (best directing),[ 0.08593233 -0.04767775 -0.07077112 -0.01386727 -0.02892086]
oscar (best editing),[ 0.00180643 -0.01530645 -0.02291703 -0.00732422 -0.00134959]
oscar (best effects - visual effects),[-0.00246182  0.00126789 -0.04420336  0.01515187 -0.04352919]
oscar (best foreign language film),[ 0.0580384  -0.03302603  0.03819509  0.04483436  0.01067123]
oscar (best music - original score),[-0.00806969 -0.01377717  0.00770479  0.00255675  0.0063102 ]
oscar (best music - original song),[-0.00818211 -0.02468342  0.00375033 -0.00273912 -0.00302053]
oscar (best picture),[ 0.03278128 -0.04186263 -0.04068683 -0.00660448 -0.01140746]
oscar (best sound),[-0.00929438 -0.01000484 -0.00868487  0.00695556 -0.00050523]
oscar (best supporting actor),[ 0.0437903  -0.03462507 -0.05146458 -0.02387449 -0.02701952]
oscar (best supporting actress),"[ 6.18951427e-02 -5.50040478e-02 -2.19588474e-02 -2.49028385e-02
  7.41104104e-05]"
oscar (best writing - screenplay written directly for the screen),[ 0.04371128 -0.00261523 -0.00986445 -0.0100052  -0.01853958]
oscar winner,[ 0.02513683 -0.04613764 -0.0763775  -0.01291353 -0.02522874]
over the top,[-0.01998611  0.01313736 -0.00790839 -0.01524709 -0.01517235]
overrated,[-0.0442218   0.01446663  0.02534921 -0.01261969  0.00927965]
palestine,[-0.00663825 -0.00682725  0.01287301 -0.0075915   0.01916976]
parallel universe,"[-1.04872856e-02  6.84439633e-03 -1.26071163e-05  4.95370597e-02
  6.17055717e-03]"
paranoia,[ 0.02845895  0.0506601  -0.01538821  0.00322832  0.04803371]
paranoid,[ 0.03578526  0.05242301 -0.01657579  0.00286298  0.01986805]
parenthood,[ 0.01994529 -0.02258875  0.02026774 -0.01565543 -0.02534131]
paris,[ 0.00880582 -0.01878751  0.02551456  0.01983116  0.02883047]
parody,[-0.04334083  0.02801136  0.03185318 -0.03002478 -0.0939938 ]
passionate,[ 0.04074881 -0.04685377  0.01601451  0.01516617  0.04198373]
penguins,[-0.01243771 -0.00673309  0.01609418 -0.00087312  0.00728933]
perfect,[ 0.03136663 -0.00962942  0.01541421  0.01569893 -0.00870247]
period piece,[ 0.01895939 -0.05622766 -0.03674386 -0.00219405  0.02775242]
peter pan,[-0.01287563 -0.00832359  0.01470907 -0.00101211  0.01054513]
pg,[-0.01054715 -0.02553996 -0.00229181  0.00752974 -0.00951739]
pg-13,[-0.0502093  -0.040253   -0.09772229 -0.02182015 -0.02243146]
philip k. dick,[-0.01288761  0.01142867 -0.01035535  0.03374577  0.017158  ]
philosophical,[ 0.02607     0.01428859  0.01530746  0.06819001 -0.00918171]
philosophy,[ 0.03564444 -0.00253109 -0.01295276  0.04704695 -0.02761027]
photographer,[ 0.00095734 -0.00324433  0.01631044  0.00156778  0.02595881]
photography,[0.05088168 0.00048234 0.00617796 0.03429023 0.01569982]
pigs,[-0.00209803 -0.0076084   0.01265179  0.0028214   0.00502541]
pirates,[-0.01388649 -0.00616794  0.01207019  0.00159898  0.00813531]
pixar,[-0.01365165 -0.00937226  0.01270949  0.00301462  0.00130408]
pixar animation,[-0.01353382 -0.0115504   0.01139138  0.00477367 -0.00110166]
plot,[-0.01816904  0.0286551  -0.10024526  0.01087107  0.02496208]
plot holes,[-0.05133141  0.05107296 -0.05705058  0.0338736   0.05953152]
plot twist,[ 0.01895376  0.05519432 -0.07148105 -0.02717283  0.02866604]
poetry,[ 0.01202955 -0.01337848  0.04170538  0.03604197  0.01139085]
poignant,[ 0.07487893 -0.07036167  0.01899699  0.03074575 -0.02139632]
pointless,[-0.0406784   0.06581644  0.05769772 -0.0142285   0.02709798]
poker,[-0.00895323 -0.0037752  -0.00160517 -0.02411015  0.00076585]
poland,[ 0.01090214 -0.02235984 -0.00154315  0.00050222  0.01468938]
police,[-0.00359139  0.02607212 -0.02243795 -0.04515108  0.01405736]
police corruption,[ 0.00742518  0.03785346 -0.02366508 -0.06260866  0.02524145]
police investigation,[ 0.02461786  0.04160863 -0.03928228 -0.06462838  0.06236387]
political,[ 0.03784118 -0.03094573 -0.03456418 -0.03478112  0.04787546]
political corruption,[ 0.00306165 -0.00460975 -0.01639222 -0.03357087  0.03793572]
politics,[ 0.03122357 -0.03468923 -0.04105309 -0.04704088  0.06452134]
pornography,[ 0.02775926  0.04641681  0.07016842 -0.07123219  0.03220893]
post apocalyptic,[-0.01921773  0.01809321 -0.00686461  0.04783737  0.00322682]
post-apocalyptic,[-0.01915152  0.02056646 -0.01060819  0.05028797  0.00091263]
potential oscar nom,[ 0.00487749 -0.00119013  0.00518348 -0.01900906  0.00698515]
poverty,[ 0.01367029 -0.02596818  0.01880504 -0.00164927  0.00727868]
powerful ending,[ 0.05626154 -0.0006323  -0.04886699 -0.01347073 -0.00018209]
predictable,[-0.11504784  0.00870509 -0.01659482 -0.03484635  0.0438578 ]
pregnancy,[-0.00581354 -0.01442309  0.0259469  -0.01211271  0.01505713]
prejudice,"[ 2.49248269e-02 -5.51292969e-02 -2.94907890e-02 -1.89425676e-02
 -1.16395889e-05]"
prequel,[-0.02062902  0.00258054  0.00734621  0.00756947  0.00843951]
president,[-0.01281201 -0.01097245 -0.00543085 -0.01715869  0.03102064]
pretentious,[0.01434814 0.02192318 0.04475683 0.02498179 0.01112872]
prison,[ 0.00816023 -0.00157965 -0.01210067 -0.02352641  0.00612335]
prison escape,[ 0.00426463 -0.00947982 -0.01730075 -0.00377849 -0.00352474]
private detective,[-0.00504459  0.00456759  0.01000046 -0.01082438  0.01359815]
product placement,[-0.02577137  0.0061344  -0.01206037  0.00586103 -0.00509627]
prohibition,[-0.00068834 -0.00429818  0.00769535 -0.01288779  0.00560404]
propaganda,[ 0.00564157 -0.02708924 -0.02428464 -0.0189978   0.04315497]
prostitution,[ 0.00353627  0.00589357  0.02731957 -0.01993388  0.01614079]
psychedelic,[0.00173585 0.01999754 0.02913061 0.01554268 0.0020353 ]
psychiatrist,[-0.0013148   0.01288931  0.00203734 -0.01629145  0.02853409]
psychiatry,[ 0.0227015   0.00242576  0.00882124 -0.0088255   0.01772197]
psychological,[ 0.05457111  0.09105538 -0.01248339 -0.02011514  0.06155194]
psychology,[ 0.05207522  0.05863329 -0.01493178 -0.01910148  0.03500777]
pulp,[-0.02778314  0.04813263 -0.00451902 -0.00900553 -0.01243558]
punk,[-0.00721416 -0.00041469  0.02303152 -0.00763293 -0.00010119]
puppets,[-0.00419659  0.00552809  0.0120317   0.00374501 -0.01454375]
queer,[ 0.00443568 -0.00793584  0.0461709  -0.02543429  0.01146403]
quirky,[ 0.01004019  0.01481515  0.05678507 -0.00682907 -0.05754379]
quotable,[ 0.02273019  0.0061408  -0.02951246 -0.01543955 -0.13343614]
rabbits,[-0.00601133 -0.00361888  0.01412462  0.00249865 -0.00549371]
race,[-0.00868794 -0.02736755 -0.02444387  0.00346256  0.00936006]
race issues,[ 0.03049327 -0.02822676 -0.02498995 -0.03379973 -0.01733526]
racing,[-0.03005821 -0.00921411 -0.00990432  0.00726271  0.00341128]
racism,[ 0.00389273 -0.01781013 -0.00238971 -0.02113878  0.00436926]
radio,[ 0.00376546 -0.01439628 -0.00158981 -0.01229364 -0.00639228]
rags to riches,[-0.00634418 -0.0354701  -0.00635123 -0.01197905 -0.00376757]
rape,[ 0.00301745  0.01829702  0.01425986 -0.02342277  0.01692108]
rats,[-0.01698599 -0.00019912  0.01628073 -0.00389702  0.00668393]
realistic,[ 0.0669595  -0.03445788 -0.05164207 -0.02941999 -0.02865736]
realistic action,[-0.02190725  0.0096202  -0.01934278 -0.01558072  0.00574316]
reality tv,[-0.01949095  0.00800356  0.02030924 -0.02475806  0.00381207]
rebellion,[ 0.02053584 -0.01110023 -0.00835819  0.00331977 -0.01422067]
redemption,[ 0.02463745 -0.01159645 -0.039144    0.00258772 -0.05398396]
reflective,[ 0.08235978 -0.02283375  0.04192559  0.06482073 -0.01175491]
relationships,[ 0.06203407 -0.06431044  0.09016092 -0.0352141   0.03007325]
religion,[-0.00054975 -0.00332591  0.00269239  0.01798168  0.01983355]
remade,[-0.00739455  0.00216503  0.01342985 -0.00099537  0.01555331]
remake,[-0.04928495  0.0101061   0.00135425 -0.01230143  0.0344808 ]
revenge,[-0.00031763  0.05502343 -0.06966332 -0.05489264 -0.01271422]
revolution,[ 0.0076162  -0.02377265 -0.02653071  0.01370203  0.03173114]
ridiculous,[-0.05320339  0.02455821  0.00694793 -0.00650346  0.00389916]
rio de janeiro,[-0.00071126 -0.00581813  0.02196764 -0.00387493  0.00932733]
road movie,[ 0.00375003  0.00310286  0.03566969 -0.00459592 -0.02602563]
road trip,[-0.00192953 -0.005324    0.03897121 -0.0240709  -0.04102789]
roald dahl,[-0.01226888 -0.00623694  0.01470597  0.00053636  0.00769489]
robbery,[-0.00314735  0.01022834 -0.0038838  -0.02640545  0.00579545]
robert downey jr,[-0.01046352  0.00122316  0.00471187 -0.01518769 -0.00258062]
robert ludlum,[-0.01284353 -0.00234727  0.01014001 -0.0055711   0.01552784]
robot,[-0.0193187   0.00596882 -0.00410254  0.04274958  0.00319575]
robots,[-0.02746558  0.01008469 -0.00884763  0.0449151  -0.00056528]
rock and roll,[-0.00362675 -0.01193837  0.02403411 -0.01885727 -0.02868977]
romance,[-0.02740554 -0.0752787   0.01013678  0.00528883  0.03987436]
romantic,[-0.01855065 -0.10119534  0.00196391 -0.00043147  0.04216235]
romantic comedy,[-0.04119232 -0.08533944  0.01619227 -0.04290237  0.0343824 ]
rome,[-0.00393589 -0.00879778  0.01274025  0.00797044  0.01446185]
runaway,[ 0.04986045 -0.02872662 -0.02814877 -0.02536788 -0.00492879]
russia,[-0.01090172 -0.009592    0.00612931  0.00220248  0.02568148]
russian,[ 0.00922757 -0.01218386  0.00418281  0.01309083  0.02556816]
sacrifice,[ 0.02446468 -0.04580247 -0.07104965  0.04411531  0.00976041]
sad,[ 0.03423866 -0.04825296  0.00724875  0.0034583  -0.00539745]
sad but good,[ 0.01713746 -0.04231608 -0.01695707 -0.00164337  0.00196646]
samurai,[-0.00540157  0.00406919  0.01391387  0.01148156 -0.00235319]
san francisco,[-0.01515153 -0.01847189 -0.01025195 -0.02048614  0.0216544 ]
sappy,[-0.01655006 -0.05003991  0.00038038  0.00116272  0.01196673]
sarcasm,[ 0.00409556  0.01215603  0.03131692 -0.038822   -0.07018481]
satire,[ 0.0082438   0.02775312  0.03708574 -0.03963732 -0.06885322]
satirical,[ 0.00576051  0.02497483  0.05017544 -0.01864117 -0.04324395]
saturday night live,[-0.02968487 -0.00085109  0.02443213 -0.02555755 -0.04634278]
saturn award (best science fiction film),[-0.01101928  0.00123215 -0.01365976  0.00568574 -0.00909783]
saturn award (best special effects),[-0.02066735 -0.00202343 -0.02324644  0.01218276 -0.01545689]
scary,[-0.02361867  0.07046109  0.00271187 -0.00164705  0.00516153]
scenic,[ 0.02527078 -0.01910645 -0.04208616  0.06480591 -0.00029481]
schizophrenia,"[9.48136225e-05 4.05498447e-03 1.28944091e-02 4.16283565e-03
 1.05214314e-02]"
school,[-0.01478094 -0.02869473  0.01523183 -0.02817021 -0.02499065]
sci fi,[-0.051828    0.05151192 -0.0461617   0.1081719  -0.01227472]
sci-fi,[-0.05343431  0.05144658 -0.03591006  0.12069512  0.00151441]
science,[-0.02148394  0.00320664 -0.02324736  0.05076078  0.02024134]
science fiction,[-0.04407377  0.04527629 -0.04900319  0.11139852 -0.00649862]
scifi,[-0.04446833  0.04672867 -0.04789372  0.12015574 -0.0098245 ]
scifi cult,[-0.01684588  0.00797146 -0.01051249  0.03546472 -0.00767673]
scotland,[-0.00663505 -0.00729403  0.00737469 -0.00233974  0.01309178]
screwball,[-0.00339437 -0.00745553  0.0154291  -0.01870197 -0.0170421 ]
screwball comedy,[-0.00653681 -0.0143094   0.01265145 -0.01550526  0.001808  ]
script,[-0.03240319 -0.00171342 -0.03496659  0.00277691 -0.00329505]
secret service,[-0.02730808 -0.00500022 -0.0283451  -0.02492424  0.04046075]
secrets,[ 0.04382132  0.01342526 -0.05990962 -0.01617097  0.08116402]
segregation,[ 0.01889809 -0.04125314 -0.0120398  -0.01544424  0.00123919]
self discovery,[ 0.02837137 -0.02219164  0.00247215  0.029009   -0.00663463]
sentimental,[ 0.01218834 -0.10207521 -0.02935958  0.01806236 -0.0093771 ]
sequel,[-0.05363685  0.01061509 -0.00841986  0.01633092 -0.0109115 ]
sequels,"[-5.37645048e-02  6.00579022e-03 -6.21688764e-05  9.74703314e-03
 -8.45269669e-03]"
serial killer,[ 0.01688219  0.09069126 -0.00691494 -0.05316186  0.04984905]
series,[-0.03097957  0.01167938 -0.02590654  0.01266273 -0.03083933]
sex,[ 0.00513328  0.01614077  0.05282888 -0.04883099  0.02773031]
sex comedy,[-0.01656089 -0.00365891  0.02766946 -0.02205973 -0.00156883]
sexual,[ 0.01751715  0.02559053  0.08079991 -0.03352154  0.04273532]
sexual abuse,[ 0.01815141  0.01362458  0.03662837 -0.02341999  0.0349696 ]
sexuality,[ 0.01720873  0.00017636  0.04027413 -0.03362113  0.02323961]
sexualized violence,[ 0.019049    0.08390582  0.01178716 -0.04394111 -0.00362541]
sexy,[-0.00181163  0.02281276  0.0255198  -0.06196469  0.05253531]
shakespeare,[-0.00672956 -0.00979595  0.01408736 -0.004563    0.01397283]
shallow,[-0.045474   -0.00675864 -0.00671344 -0.0153807   0.01143418]
shark,[-0.01633596 -0.00243741  0.00710826  0.00282886  0.00658304]
shopping,[-0.02450121 -0.02763951  0.02559877 -0.0261065   0.01056839]
short,[-0.00227765 -0.00390329  0.01512724  0.00888693 -0.0025882 ]
short-term memory loss,[-0.0040506  -0.00106821  0.01118096  0.00535148  0.01001948]
silent,[ 0.03024288 -0.00647664  0.02787373  0.03621571  0.01078013]
silly,[-0.09410695  0.01574283 -0.0113164  -0.00934397 -0.0572895 ]
silly fun,[-0.08939469  0.00810995  0.00530554 -0.02367187 -0.06861449]
simple,[-0.00362287 -0.02892851 -0.00915021  0.0350387  -0.02175905]
single father,[-0.02039969 -0.03359078  0.00589829 -0.0127941   0.02042253]
sisters,[-0.0033196  -0.01240397  0.03156048 -0.0103215   0.01829428]
skinhead,[-0.00717553 -0.00419356  0.01416454 -0.01088681  0.00670773]
slackers,[-0.00907813 -0.00169461  0.02211635 -0.01812974 -0.02268871]
slapstick,"[-4.46194336e-02  5.84944583e-05  2.73010325e-02 -2.01099022e-02
 -3.67436741e-02]"
slasher,[-0.02794837  0.04260977  0.02800285 -0.01847729  0.01110449]
slavery,[-0.008782   -0.01594573 -0.011279    0.00043358  0.01817838]
slow,[0.03095221 0.02137744 0.00718627 0.02514976 0.01226906]
slow paced,[0.03108776 0.01899726 0.00984411 0.03030844 0.01176187]
small town,[ 0.02160994 -0.02028773  0.01520177 -0.03191784 -0.03245068]
snakes,[-0.02043385  0.01289894 -0.00511108  0.0086548  -0.0151998 ]
so bad it's funny,[-0.0931097   0.04749742  0.03227278  0.0034318   0.01864896]
so bad it's good,"[-3.06259643e-02  8.08248915e-03  1.53641925e-02 -5.19704524e-05
  1.19155639e-02]"
soccer,[-0.00914154 -0.00840774  0.01616925 -0.00836097  0.00721244]
social commentary,[ 0.09507844  0.01165801  0.00223927 -0.00289815 -0.0625887 ]
solitude,[ 0.01515164 -0.00170199  0.02305106  0.06200703 -0.01197655]
sophia coppola,[-0.00589599 -0.00317177  0.02183196 -0.00172833  0.01077272]
south africa,[-0.00738855 -0.00918888  0.00722635 -0.00625341  0.01220163]
south america,[-0.00660362 -0.0079536   0.0129014  -0.0025259   0.01289026]
southern theme,[-0.00024403 -0.01830075  0.00358348 -0.01087105  0.00123713]
space,[-0.03255272  0.01701814 -0.01926865  0.07730896  0.00448501]
space opera,[-0.02543611  0.00626798 -0.00790586  0.04105445  0.00270682]
space program,[-0.01641937 -0.00647953 -0.00271806  0.01368679  0.01499418]
space travel,[-0.01772697  0.00993252 -0.01790176  0.0538039   0.00383801]
spaghetti western,[-0.0082223   0.00035137  0.01220434 -0.00542246  0.00205269]
spain,[ 0.00508519 -0.00378561  0.02118655  0.00659318  0.02052312]
spanish,[ 0.02725818 -0.00423614  0.03782357  0.01766831  0.02642685]
spanish civil war,[-0.00662568 -0.00422431  0.01724397  0.00406545  0.01241817]
special,[ 0.01459708 -0.0075131  -0.01036488  0.01956656 -0.02854646]
special effects,[-0.08312799  0.04456151 -0.07002636  0.10972077 -0.01665081]
spelling bee,[-0.00740119 -0.01619544  0.01602122 -0.02170419  0.01362497]
spiders,[-0.01845696  0.02160901  0.00627053  0.01471956  0.00331098]
spielberg,[-0.01178945 -0.0063787  -0.00225203  0.00755683  0.00569149]
spies,[-0.01844758  0.00240537 -0.0233257  -0.01863299  0.03553278]
splatter,[-0.03141403  0.10499272  0.03549108 -0.02519252 -0.03653685]
spock,[-0.01352773 -0.00262989  0.01019825  0.00304488  0.00928487]
spoof,[-0.02898843  0.00947326  0.02355492 -0.01706245 -0.05717516]
sports,[-0.02273943 -0.0260068   0.00287336 -0.02408057 -0.0093389 ]
spy,[-0.01516788  0.00399904 -0.03374461 -0.01837745  0.0397144 ]
spying,[-0.00601794  0.00043268 -0.03969092 -0.01986785  0.0368133 ]
stage magic,[-0.01264337 -0.00152998  0.00755    -0.00379982  0.01927057]
stand-up comedy,[-0.00685128 -0.00303033  0.02687913 -0.01449057 -0.0136946 ]
star trek,[-0.01372362 -0.00287133  0.01067745  0.00405758  0.00866533]
star wars,[-0.01416236 -0.00253325  0.01073175  0.003936    0.00684312]
steampunk,[-0.01973284  0.00094317  0.00329501  0.02358958  0.0066355 ]
stereotypes,[-0.03168126 -0.03843075 -0.00227454 -0.07254424 -0.03588171]
stoner movie,[-0.00022523  0.01348973  0.04079742 -0.01427487 -0.05523695]
stop motion,[-0.00908696  0.00752899  0.01196182  0.03368412 -0.02638899]
stop-motion,[-0.00764621 -0.00276189  0.01473584  0.017235   -0.00700716]
story,[ 0.00773839 -0.02777223 -0.11105907  0.0590491  -0.03507813]
storytelling,[ 0.05064768  0.0105403  -0.04284327  0.06045797 -0.04821032]
stranded,[-0.02066967 -0.00589541 -0.00546855  0.01722815  0.0211864 ]
strange,[0.02581315 0.05860129 0.0453137  0.04808198 0.00079921]
strippers,[-0.01275306  0.00171822  0.02114946 -0.01804981  0.00686355]
studio ghibli,[-0.00882993 -0.00464416  0.01823372  0.00421514  0.00834104]
stunning,[ 0.03555254 -0.01108093 -0.01362162  0.09591109  0.02363613]
stupid,[-0.0650273   0.02273198  0.01827606 -0.02318123 -0.01347116]
stupid as hell,[-0.06174071  0.02335419  0.02547229 -0.02206061 -0.01788937]
stupidity,[-0.03861889  0.02973301  0.02443283 -0.0296481  -0.03174144]
stylish,[ 0.03842313  0.10584882 -0.01032866 -0.03130727 -0.01270806]
stylized,[ 0.05763859  0.07109772  0.01128567  0.03461427 -0.04139322]
submarine,[-0.01705445 -0.00441606  0.00244318  0.00138438  0.01928576]
suburbia,[ 0.02127755  0.00715743  0.03572674 -0.01681384 -0.02466408]
suicide,[ 0.01768341 -0.00158277  0.02648246 -0.00782099  0.00440656]
suicide attempt,[ 0.02577448 -0.01162457  0.0316042   0.00341066 -0.01977178]
super hero,[-0.04068089  0.01147247 -0.02283272  0.01951541 -0.029619  ]
super-hero,[-0.03606668  0.01089184 -0.00988903  0.01656109 -0.01476966]
superhero,[-0.03764193  0.01089372 -0.01576557  0.01759779 -0.01893674]
superheroes,[-0.04606263  0.00884381 -0.03234487  0.01916645 -0.0407584 ]
supernatural,[-0.03198792  0.06095633 -0.00207727  0.02176493  0.01368601]
suprisingly clever,[ 0.04998699 -0.01476061  0.00045173  0.01527348 -0.03187464]
surfing,[-0.01183287 -0.0067981   0.01930951 -0.00461524  0.00874264]
surprise ending,[-0.00138052  0.03013075 -0.02699175 -0.02151463  0.05823685]
surreal,[ 0.02630047  0.07067732  0.07216302  0.07197815 -0.02539146]
surrealism,[ 0.01395799  0.03476503  0.05722088  0.0401489  -0.00342926]
surveillance,[ 0.02526546  0.02841808 -0.03272711 -0.0131214   0.04395533]
survival,[-0.0061103   0.00293262 -0.07826175  0.02427991  0.01671358]
suspense,[ 0.02083399  0.09200843 -0.12610044 -0.04601289  0.05179183]
suspenseful,[ 0.01489024  0.08350453 -0.08029575 -0.03332651  0.06044482]
swashbuckler,[-0.02643489 -0.01727144 -0.01030287  0.01177252  0.00208223]
swedish,[-0.00416512 -0.00407584  0.02334139  0.00264674  0.01222806]
sweet,[-0.00188758 -0.10108065  0.0157796   0.0010944  -0.02134812]
switching places,[-0.02273184 -0.02539058  0.0033735  -0.01741892  0.01419963]
sword fight,[-0.01570351 -0.00207321 -0.01784876  0.02514819 -0.0146444 ]
sword fighting,[-0.01147418 -0.00154765 -0.00017748  0.01845857 -0.00718299]
talking animals,[-0.0318683  -0.03170382  0.00914498  0.01576878 -0.01279447]
talky,[ 0.10438785  0.01105922  0.01172534  0.00895527 -0.01934223]
tarantino,[-0.00831593  0.00632961  0.01494058 -0.01000404  0.00187375]
teacher,[ 0.00231625 -0.03021367  0.01332365 -0.01635642 -0.013977  ]
tear jerker,[-0.01186977 -0.04785551  0.00049578  0.00182277  0.01210341]
technology,[-0.02885536  0.02456229 -0.06889844  0.0899011   0.00876562]
teen,[-0.04984409 -0.02047933  0.0315979  -0.06005382 -0.03631725]
teen movie,[-0.06402481 -0.02298645  0.03985323 -0.06832075 -0.02585245]
teenager,[-0.00958149 -0.02040255  0.03404672 -0.04182127 -0.02753302]
teenagers,[-0.01645084 -0.01488231  0.03921905 -0.03744489 -0.01354736]
teens,[-0.04824291  0.01060033  0.04444832 -0.0614629  -0.03238351]
teleportation,[-0.01862735  0.01131939 -0.00108514  0.02776583  0.00641627]
television,[-0.00679245  0.00159219  0.01138132 -0.00797288 -0.00263087]
tense,[ 0.07413909  0.08855342 -0.10372039 -0.03194738  0.03571659]
terminal illness,[-0.00385179 -0.02046698  0.01581823  0.0007375   0.00428265]
terrorism,[-0.01233476  0.00492407 -0.01594772 -0.01593546  0.02695724]
texas,[ 0.00604569 -0.00602507  0.01102325 -0.02730524 -0.00557994]
thought-provoking,[ 0.04388365  0.00407959 -0.02712306  0.02826157  0.01484143]
thriller,[ 0.02512304  0.06536027 -0.10218431 -0.0456205   0.07953754]
time,[-0.01192733 -0.01108609 -0.02087738  0.01393378 -0.01493228]
time loop,[-0.01096691  0.00492829  0.00168428  0.01480762  0.01099622]
time travel,[-0.01547793  0.00158114  0.00164973  0.02049713  0.00768837]
tokyo,[ 0.02723126  0.01123123  0.02638468  0.045506   -0.01778747]
tolkien,[-0.0131397  -0.00399877  0.01146828  0.00226411  0.00885199]
tom clancy,[-0.02219098 -0.00197156 -0.01361914 -0.01825785  0.03581927]
too long,[-0.0155093  -0.00190763  0.01551035  0.0084618   0.01865249]
too short,[-0.02463173 -0.01709764 -0.0064576   0.02041118 -0.00113651]
torture,[ 0.00049663  0.03992213 -0.04656035 -0.03923093  0.01594882]
touching,[ 0.02839345 -0.10008314 -0.0138876   0.02570609 -0.03056624]
toys,[-0.01541511 -0.00966641  0.00759429  0.00795603 -0.00276628]
tragedy,[ 0.08325352 -0.03812168 -0.0132754   0.00292758  0.00844204]
train,[-0.00600857 -0.00536572  0.00964152  0.00031674  0.01193263]
trains,[-0.00304845 -0.00591278  0.00914508 -0.00027202  0.01095986]
transformation,[-0.00604936 -0.01205199 -0.02745172  0.06657944 -0.04135542]
transgender,[ 0.00082015 -0.00986102  0.03254935 -0.00843847  0.01562906]
travel,[-0.00635852 -0.00899079  0.0090755   0.02053391  0.00215346]
treasure,[-0.02113747 -0.01031327  0.001234    0.00866435  0.0006214 ]
treasure hunt,[-0.02487729 -0.00931979 -0.01313283  0.01038581 -0.0025187 ]
tricky,[ 0.01068881  0.01944964 -0.02536355 -0.01051862  0.03325095]
trilogy,[-0.01445621  0.01006961 -0.01763604  0.0354114  -0.01881195]
true story,[ 0.01095043 -0.04847464 -0.03693244 -0.03143956  0.03614224]
truman capote,[-0.00836213 -0.00435362  0.0164203  -0.00708977  0.01397757]
twist,[ 0.01750325  0.08031253 -0.03922306 -0.03716664  0.06455811]
twist ending,[ 0.0011763   0.0652155  -0.03508517 -0.02636872  0.05725825]
twists & turns,[ 0.03640274  0.06917421 -0.05999798 -0.04573525  0.05694021]
undercover cop,[-0.00479253  0.01508832 -0.0080869  -0.03859257 -0.00109453]
underdog,[-0.01437215 -0.03909318 -0.03065024 -0.02177345 -0.02440232]
underrated,[ 0.01130337  0.01563717 -0.03042924 -0.01540301 -0.01834069]
understated,[ 0.02531222 -0.00735725  0.01370741  0.00442102  0.00471548]
underwater,[-0.01442983 -0.00824148  0.0040588   0.0050922   0.01078591]
unfunny,[-0.03021718 -0.00941358  0.01358568 -0.02281369 -0.01319612]
unintentionally funny,[-0.03040411  0.01108309  0.00715981 -0.0022349   0.02004755]
unique,[ 0.01227181  0.01636255  0.02262002  0.03090164 -0.01405017]
united nations,[-0.01205706 -0.00590959  0.00836646 -0.00478703  0.01749287]
unlikeable characters,[-0.01322151  0.02184433  0.01382673 -0.01612795  0.0005024 ]
unlikely friendships,[ 0.0280799  -0.07585818 -0.00686623 -0.02294556 -0.06598329]
unrealistic,[-0.03000687 -0.00575624 -0.02026308 -0.01587189  0.02950517]
unusual plot structure,[ 0.03828899  0.00414032 -0.003936    0.01252087 -0.00955587]
us history,[ 0.01779586 -0.04664434 -0.05098261 -0.00984819  0.02655051]
utopia,[-0.00684269 -0.00711515 -0.00442708  0.05111982  0.00387834]
vampire,[-0.01879331  0.01105028  0.02013793  0.00013811  0.00491056]
vampire human love,[-0.02914172 -0.01226887  0.02542747 -0.00897646  0.02345221]
vampires,[-0.01702427  0.00991372  0.01981394  0.00046488  0.00441597]
vengeance,[ 0.00545718  0.05311239 -0.05547018 -0.03222095 -0.03490349]
very funny,[-0.0189533  -0.01677962  0.00969736 -0.04634424 -0.11704976]
very good,[ 0.02984767 -0.01160489 -0.07007346 -0.02377043 -0.03529214]
very interesting,[ 0.06093161  0.02617119 -0.00315909 -0.0072067   0.04623953]
video game,[-0.03666388  0.01041967 -0.00305544  0.01791895  0.00140614]
video game adaptation,[-0.02557072  0.00280031  0.01335318  0.0021226   0.01292234]
video games,[-0.01726564  0.00084187  0.00949405  0.00538182  0.00311139]
videogame,[-0.01969348  0.00111243  0.01233253  0.00317034  0.0094931 ]
vienna,[ 0.00266475 -0.00600712  0.00973306  0.00185802  0.01643548]
vietnam,[-0.00710597 -0.00738479  0.00910666 -0.00814355  0.01307772]
vietnam war,[-0.00745316 -0.00726051  0.00869142 -0.00851956  0.01301886]
view askew,[-0.01341081  0.00261875  0.02177264 -0.01206295 -0.00541501]
vigilante,[-0.0166895   0.02716868 -0.02355581 -0.02892964 -0.00558457]
vigilantism,[ 0.00116075  0.02431871 -0.01802589 -0.03096048 -0.00520556]
violence,[ 0.01972378  0.11923625 -0.06492097 -0.06828269 -0.05294402]
violent,[ 0.04389615  0.11189163 -0.0547866  -0.05862738 -0.05813536]
virginity,[-0.01490065 -0.00604953  0.03431981 -0.03268559 -0.00733555]
virtual reality,"[-1.60477855e-02  7.18414540e-03 -7.29143654e-05  2.34957818e-02
  1.67552620e-02]"
virus,[-0.02307393  0.01303963  0.00735647  0.00713572  0.01299737]
visceral,[ 0.0552901   0.08711957 -0.02050758 -0.0067513  -0.03432027]
visual,[ 0.0317595   0.04510217 -0.03561087  0.14892246 -0.02636962]
visually appealing,[ 0.04990816  0.03335184 -0.02203925  0.11527937 -0.02440539]
visually stunning,[ 0.02528387  0.0104834  -0.03781812  0.14100769 -0.01648324]
visuals,[-0.01429926  0.00834241 -0.01300293  0.09693564  0.00070604]
voodoo,[-0.01349302  0.00493786  0.01398775 -0.00483469  0.00610818]
voyeurism,[ 0.00495568  0.0148412   0.03288924 -0.00652099  0.03294659]
war,[ 0.00979917 -0.03182311 -0.05669024  0.00012222  0.02542603]
war movie,[ 0.00524615 -0.01971163 -0.01557718 -0.00593531  0.0241349 ]
wartime,[ 0.01735641 -0.03979625 -0.02195823 -0.00839829  0.03732109]
waste of time,[-0.02059906  0.00356047  0.01571354 -0.00272015  0.01735079]
watch the credits,[-0.02503016 -0.00168592 -0.00051791  0.00485359 -0.01798039]
weapons,[-0.02611     0.04445516 -0.05979194  0.01627648 -0.0230311 ]
wedding,[-0.01669635 -0.02614007  0.02452711 -0.01742043  0.02132339]
weed,[-0.01030451  0.00890007  0.03560465 -0.03050101 -0.03714692]
weird,[ 0.0515853   0.10021696  0.07895719  0.06718161 -0.04966194]
